Apr_1_2020,Apr_1_2021,Apr_1_2022,Apr_1_2023,Apr_1_2024,Aug_1_2019,Aug_1_2020,Aug_1_2021,Aug_1_2022,Aug_1_2023,Dec_1_2019,Dec_1_2020,Dec_1_2021,Dec_1_2022,Dec_1_2023,Feb_1_2020,Feb_1_2021,Feb_1_2022,Feb_1_2023,Feb_1_2024,Jan_1_2020,Jan_1_2021,Jan_1_2022,Jan_1_2023,Jan_1_2024,Jul_1_2019,Jul_1_2020,Jul_1_2021,Jul_1_2022,Jul_1_2023,Jun_1_2019,Jun_1_2020,Jun_1_2021,Jun_1_2022,Jun_1_2023,Mar_1_2020,Mar_1_2021,Mar_1_2022,Mar_1_2023,Mar_1_2024,May_1_2019,May_1_2020,May_1_2021,May_1_2022,May_1_2023,Nov_1_2019,Nov_1_2020,Nov_1_2021,Nov_1_2022,Nov_1_2023,Oct_1_2019,Oct_1_2020,Oct_1_2021,Oct_1_2022,Oct_1_2023,Sep_1_2019,Sep_1_2020,Sep_1_2021,Sep_1_2022,Sep_1_2023,avg_vol_3m,change,company_name,last_price,market_cap,pe_ratio_ttm,percent_change,sector_name,symbol,volume,week_52_range
36.50,59.35,48.56,34.28,41.05,52.69,36.40,57.39,45.61,36.53,59.29,46.59,56.17,43.61,43.28,46.44,50.00,56.54,47.73,41.96,53.22,42.85,58.19,49.80,41.54,57.15,36.84,55.54,47.20,39.68,52.40,36.82,56.97,46.02,33.04,34.45,55.31,53.15,36.05,44.70,50.20,35.56,60.78,53.07,29.90,60.03,43.21,55.34,45.39,38.12,57.02,38.95,60.37,42.45,31.88,55.34,35.85,59.44,40.32,33.06,8.615M,-0.19,U.S. Bancorp,40.86,63741599744,13.57,-0.46%,Financial Services,USB,5270006,
106.67,186.95,166.10,130.25,155.93,128.93,111.20,191.10,158.00,120.73,159.63,149.00,200.52,157.94,154.85,126.40,168.36,199.25,157.92,147.20,148.55,143.52,205.99,165.43,151.21,142.90,106.67,182.41,165.94,136.89,137.28,105.21,190.76,157.77,125.95,95.72,175.41,184.45,127.10,161.60,127.26,114.04,194.68,175.41,115.83,153.21,138.07,197.00,168.26,133.96,146.70,111.88,211.03,161.83,114.47,140.16,109.91,195.64,149.42,122.77,2.088M,+1.09,"The PNC Financial Services Group, Inc.",157.02,62501343232,13.18,+0.70%,Financial Services,PNC,1354108,
172.67,251.44,287.99,325.18,311.02,194.85,199.99,286.86,279.26,333.39,208.29,211.27,300.56,300.14,291.02,208.00,227.71,292.14,304.05,315.99,220.25,203.10,276.44,318.68,298.43,189.25,205.22,260.03,291.04,318.50,192.98,192.60,238.76,269.68,345.20,165.04,230.11,325.63,315.29,333.72,180.07,196.95,253.37,275.67,308.29,203.61,204.89,295.77,308.28,328.49,193.16,184.01,319.92,281.49,309.40,193.57,206.30,285.77,267.87,324.22,"953,519",+1.72,Aon plc,312.74,62064816128,25.02,+0.55%,Financial Services,AON,359142,
,,112.71,53.79,225.86,,,259.00,66.80,79.60,,,252.37,35.39,173.92,,,190.77,64.83,203.56,,,190.15,58.48,128.20,,,236.58,62.96,98.61,,,253.30,47.02,71.55,,,189.86,67.57,265.12,,,236.54,78.10,62.20,,,315.00,45.73,124.72,,,319.42,66.25,77.12,,,227.48,64.49,75.08,13.178M,+9.82,"Coinbase Global, Inc.",235.68,57099370496,654.67,+4.35%,Financial Services,COIN,6462560,
89.45,117.71,115.81,108.93,131.65,93.48,106.23,119.53,100.85,117.99,92.55,115.29,136.77,102.59,128.43,89.22,110.31,128.12,101.80,138.42,99.74,110.35,126.66,107.55,127.33,87.86,96.78,119.83,101.99,114.80,85.94,91.60,118.70,94.04,113.08,80.75,111.68,132.12,104.29,137.43,82.21,97.25,112.88,102.39,105.95,94.17,105.51,130.72,108.31,113.84,94.32,94.40,138.46,95.57,107.44,92.27,100.05,114.82,90.35,110.02,2.436M,+0.32,"Intercontinental Exchange, Inc.",131.97,75675426816,31.50,+0.24%,Financial Services,ICE,1523363,
243.90,326.71,316.48,313.12,379.26,215.58,294.64,380.77,284.52,336.80,237.41,290.24,390.58,278.62,390.56,240.03,274.89,322.03,290.15,379.42,256.79,266.26,343.00,322.75,392.04,214.34,281.30,376.00,310.25,352.75,195.31,274.73,362.37,271.97,347.72,211.50,298.61,337.41,306.02,393.03,182.88,267.41,335.35,301.57,316.88,226.67,282.34,390.64,298.27,364.96,220.69,262.90,404.15,264.87,308.00,204.83,289.85,355.11,243.11,316.17,"729,490",+2.65,Moody's Corporation,381.915,69723168768,43.80,+0.70%,Financial Services,MCO,392763,
25.21,56.58,50.97,53.07,94.47,25.84,35.82,64.29,50.56,62.81,29.17,40.49,74.50,46.42,82.85,28.60,45.56,60.12,56.35,98.26,31.90,38.95,71.16,55.81,86.58,26.75,35.37,63.76,55.46,59.38,25.27,30.88,59.24,46.29,56.00,23.47,48.85,58.47,52.52,100.58,22.28,27.75,55.69,54.81,51.49,29.49,37.93,74.45,51.92,75.84,28.83,34.15,79.67,48.63,55.40,26.85,34.34,60.88,43.00,61.60,3.693M,+3.38,KKR & Co. Inc.,97.85,87034535936,23.92,+3.58%,Financial Services,KKR,2139263,
123.00,262.29,87.93,76.00,63.19,109.05,204.14,288.66,93.44,62.51,108.17,234.20,188.58,71.22,61.41,107.99,259.85,111.93,73.60,60.34,113.89,234.31,171.94,81.49,61.35,110.40,196.07,275.53,86.53,75.82,114.46,174.23,291.48,69.84,66.73,95.74,242.84,115.65,75.94,66.99,109.75,155.01,260.02,85.21,61.99,108.01,214.12,184.89,78.41,57.61,104.10,186.13,232.59,83.58,51.80,103.59,197.03,260.21,86.07,58.46,15.5M,+1.27,"PayPal Holdings, Inc.",64.465,67858432000,16.79,+2.02%,Financial Services,PYPL,6720213,
40.49,55.37,49.76,63.39,110.60,37.73,46.87,59.78,55.58,87.34,47.71,48.98,72.43,63.79,93.19,41.66,49.46,65.26,70.90,111.80,47.32,45.94,70.00,70.78,100.40,33.00,49.10,58.86,57.10,81.71,34.30,49.92,62.20,48.48,76.81,33.50,47.01,61.99,63.16,112.45,29.41,47.60,57.34,57.64,66.85,43.80,43.62,70.78,69.39,92.00,41.16,36.86,76.95,55.36,77.44,37.82,44.75,61.59,46.50,89.76,2.398M,+3.11,"Apollo Global Management, Inc.",113.705,64602750976,13.73,+2.81%,Financial Services,APO,1452053,
178.21,201.99,219.34,185.77,215.48,217.29,175.87,201.72,195.61,202.68,200.72,182.05,228.46,168.16,210.60,198.82,199.70,236.53,185.36,220.35,217.11,181.74,229.50,176.66,205.84,194.42,166.18,212.13,199.48,198.96,194.11,162.54,212.68,204.70,185.29,172.91,204.23,237.86,191.52,215.29,192.12,182.60,218.76,198.83,178.75,202.73,175.03,220.52,176.50,218.36,205.75,150.72,220.55,173.30,213.46,211.34,167.31,193.38,177.13,200.22,1.696M,+0.39,CME Group Inc.,215.87,77719240704,24.36,+0.18%,Financial Services,CME,1381162,
97.33,135.70,161.70,180.19,201.43,99.89,114.91,157.20,161.37,194.99,111.41,117.00,173.82,165.48,189.47,104.56,115.22,155.41,162.14,202.27,111.86,109.91,153.64,174.91,193.84,98.80,116.60,147.22,163.96,188.42,99.75,107.37,140.68,155.25,188.08,86.46,121.80,170.42,166.55,205.98,95.60,105.92,138.35,159.95,173.18,108.07,114.64,164.02,173.18,199.42,103.62,103.46,166.80,161.49,189.65,100.05,114.70,151.43,149.29,190.30,1.728M,+0.04,"Marsh & McLennan Companies, Inc.",201.4661,99267182592,25.57,+0.02%,Financial Services,MMC,920224,
108.01,171.59,206.45,201.56,251.50,156.28,125.00,183.92,189.05,200.87,155.66,153.92,193.31,220.60,226.00,145.03,162.58,203.64,211.02,251.67,151.99,145.67,197.28,227.49,245.00,152.84,127.24,168.74,188.64,204.41,147.29,126.62,158.94,196.58,192.56,111.69,157.97,213.90,194.18,259.13,146.07,121.94,169.99,211.29,185.80,151.48,147.83,179.47,219.59,229.43,152.42,129.91,195.38,214.89,214.62,161.44,116.12,173.48,181.88,208.18,1.691M,-1.76,Chubb Limited,249.74,101390942208,11.45,-0.70%,Financial Services,CB,1261566,
23.56,84.74,86.14,47.05,84.69,,38.26,120.74,62.57,65.03,17.06,75.99,131.50,45.21,83.26,21.30,73.97,116.42,60.01,98.54,17.86,76.66,96.40,52.91,79.05,,41.62,118.63,50.32,68.77,,35.95,105.84,43.75,65.37,23.48,70.26,119.70,61.66,96.83,,29.07,82.06,56.00,69.16,19.48,75.08,188.24,49.14,77.15,16.84,51.97,194.72,56.32,56.69,,41.06,112.65,55.31,63.04,3.999M,+3.38,"Cloudflare, Inc.",88.075,29925240832,,+4.00%,Technology,NET,1803332,
352.94,521.41,373.51,727.95,"1,150.66",352.72,420.79,459.74,449.40,904.59,374.68,511.04,433.67,598.58,"1,164.01",376.03,457.55,471.19,677.39,"1,269.91",402.38,450.11,494.99,665.95,"1,198.83",347.42,439.19,523.91,462.03,837.97,314.02,418.04,502.68,400.90,809.21,307.69,486.05,466.46,702.69,"1,249.61",295.90,402.65,506.06,409.55,787.67,367.75,472.78,353.13,619.72,"1,087.60",304.04,391.45,398.20,478.84,845.87,303.52,425.38,397.93,412.01,868.53,"167,509",+32.68,Fair Isaac Corporation,1183.345,29408608256,66.33,+2.84%,Technology,FICO,121033,
53.56,70.82,57.50,63.09,80.36,59.33,60.34,73.87,63.33,78.85,63.92,70.82,76.29,64.25,73.63,57.87,65.82,64.75,66.66,85.13,62.70,66.08,70.54,68.03,78.18,63.64,58.74,72.66,64.45,78.35,68.22,56.62,69.74,54.38,74.77,46.18,70.64,60.93,68.17,86.02,63.72,51.03,72.52,61.77,65.11,60.39,70.13,73.87,67.55,68.98,57.74,61.60,75.71,63.90,65.28,57.37,63.77,70.57,58.30,74.16,1.658M,+0.43,Fortive Corporation,80.79,28387989504,33.25,+0.54%,Technology,FTV,850186,
261.83,365.66,275.69,313.92,324.81,206.56,339.01,365.36,248.30,318.87,257.41,363.80,401.12,241.59,362.88,242.19,340.99,324.19,303.61,334.17,274.33,354.37,340.01,266.36,327.83,203.12,310.60,368.46,278.99,342.10,204.82,291.73,347.06,239.29,330.27,232.47,339.56,317.65,332.80,347.16,179.50,283.00,337.94,260.36,323.59,254.69,338.06,391.48,254.30,293.36,220.15,304.37,379.58,221.16,278.26,221.36,327.23,340.45,221.70,297.55,"542,904",+1.67,"ANSYS, Inc.",326.485,28502138880,57.08,+0.52%,Technology,ANSS,101775,
14.40,20.22,29.30,22.83,50.51,16.28,15.26,25.83,28.97,36.59,17.11,22.61,32.55,26.76,35.66,15.26,23.38,25.94,28.54,52.65,17.80,23.13,26.49,28.94,39.99,15.14,17.86,19.52,28.35,36.99,15.27,17.33,19.53,25.71,36.82,12.30,21.54,35.31,25.51,51.99,15.86,17.61,19.05,23.73,28.79,16.07,18.27,30.97,29.19,33.31,19.46,16.10,26.86,30.86,33.81,16.94,15.39,25.16,27.37,35.62,3.751M,+1.20,"Pure Storage, Inc.",51.71,16801096704,272.16,+2.38%,Technology,PSTG,1240171,
,,,,,,,,,,,,,,,,,,,,,,,,,,,,,,,,,,,,,,,,,,,,,,,,,,,,,,,,,,,,1.299M,+0.52,"Centuri Holdings, Inc.",24.815,2150405888,,+2.12%,Utilities,CTRI,564687,
,,,,,,,,,,,,,,,,,,,,,,,,,,,,,,,,,,,,,,,,,,,,,,,,,,,,,,,,,,,,"541,712",+0.12,SEI Investments Company,67.07,8820845568,19.38,+0.18%,Financial Services,SEIC,477983,
24.87,21.69,20.75,19.15,19.40,28.38,23.32,24.08,21.37,18.08,28.58,23.78,23.01,22.05,20.34,27.45,22.71,21.97,24.28,18.76,25.32,22.51,22.47,23.50,19.11,28.78,23.20,25.36,19.96,20.12,30.52,24.17,25.21,19.07,20.03,28.93,22.18,21.61,23.19,20.24,27.23,26.40,22.88,20.36,20.70,29.38,24.26,21.42,24.28,17.55,29.17,23.80,22.12,21.27,15.64,29.24,23.45,22.50,21.06,17.30,"15,079",+0.44,"RGC Resources, Inc.",19.84,201641856,15.15,+2.27%,Utilities,RGCO,10290,
21.27,21.61,25.04,17.67,20.49,23.25,23.52,26.56,22.59,20.25,25.52,20.78,25.98,21.43,22.82,19.03,19.51,28.98,19.51,21.49,28.42,21.07,26.01,23.01,23.48,21.56,21.45,24.82,24.53,19.45,21.76,19.83,27.22,21.96,18.55,18.71,21.26,26.52,17.16,22.40,18.73,22.78,27.66,24.34,17.54,24.90,18.23,24.85,22.96,22.08,22.88,20.57,25.45,22.53,16.66,23.63,20.84,25.30,20.14,17.68,4.413M,+0.18,Gen Digital Inc.,20.665,13161746432,9.35,+0.85%,Technology,GEN,2040360,
36.10,52.90,35.70,10.35,10.86,47.30,45.95,56.00,42.65,8.79,46.15,47.85,57.15,25.55,9.40,42.80,49.85,55.75,29.30,10.84,47.45,54.85,57.20,33.55,10.61,54.70,37.75,55.65,40.60,8.17,55.95,35.35,56.65,38.30,6.96,31.35,53.40,41.20,18.38,10.81,49.00,41.10,51.95,42.35,10.52,55.15,46.40,55.85,32.30,9.10,47.85,45.60,55.75,34.95,5.66,52.75,41.60,50.95,34.55,7.35,"21,603",0.00,"Via Renewables, Inc.",10.86,78547120,7.99,0.00%,Utilities,VIA,6253,
10.27,15.27,10.45,9.87,9.64,10.85,9.76,14.95,10.32,10.99,12.59,11.23,14.60,10.48,10.47,12.37,11.76,11.85,8.83,9.97,12.99,10.67,12.82,8.97,9.79,10.87,9.03,15.46,10.56,12.32,10.60,9.19,13.82,10.54,11.00,11.15,13.42,12.02,9.45,9.50,9.42,10.16,14.14,11.30,9.72,12.42,9.54,14.56,10.61,10.00,11.18,8.80,15.69,8.63,9.56,10.28,9.01,13.31,8.35,9.60,"50,959",-0.12,Pure Cycle Corporation,9.52,229324432,35.26,-1.24%,Utilities,PCYO,31251,
34.53,40.45,46.50,54.78,34.84,36.40,35.19,39.41,54.63,46.16,37.21,37.08,46.33,58.58,41.45,34.33,37.00,46.48,56.33,34.47,37.72,40.88,48.20,58.90,36.50,35.98,35.08,39.08,51.56,45.56,37.17,36.29,36.77,49.17,47.22,37.38,39.38,48.55,55.36,37.11,35.61,35.11,41.24,49.08,49.50,37.20,36.97,42.76,54.56,42.05,37.10,35.23,40.22,52.28,39.30,37.00,34.47,38.17,48.12,41.99,"37,419",+0.12,Artesian Resources Corporation,34.96,359119584,20.93,+0.34%,Utilities,ARTNA,18248,
15.02,11.77,10.88,16.90,24.25,14.66,12.03,12.17,16.20,26.64,16.30,12.05,10.64,14.80,35.60,16.16,12.95,9.79,15.33,29.56,17.11,12.67,10.16,14.65,31.93,14.03,12.27,12.68,15.55,19.56,14.26,14.43,11.73,14.50,24.23,16.40,13.45,11.06,16.43,29.31,13.55,14.83,12.31,14.15,19.52,16.68,10.96,10.89,14.56,36.09,17.54,10.06,11.11,18.36,29.52,16.49,10.41,11.40,15.38,28.44,"158,712",+0.57,Consolidated Water Co. Ltd.,24.8199,392871712,12.86,+2.35%,Utilities,CWCO,62354,
10.75,17.05,14.32,10.97,12.20,11.91,11.05,20.00,13.62,11.15,13.15,14.41,17.10,13.28,13.08,11.95,17.33,15.25,13.20,12.94,12.63,16.07,15.36,14.23,11.99,12.66,10.39,17.62,13.23,12.70,10.44,10.54,17.08,13.21,12.68,10.19,16.31,16.64,12.43,12.84,9.52,10.75,17.08,14.34,11.68,13.47,12.88,17.22,12.78,12.20,12.25,10.60,18.92,12.76,10.53,11.84,10.78,18.72,11.73,9.75,"25,580",-0.06,"Global Water Resources, Inc.",12.135,293374560,36.77,-0.53%,Utilities,GWRS,7052,
20.77,30.81,26.10,13.80,15.21,13.23,28.93,27.50,26.03,14.54,18.45,33.62,28.40,14.91,14.95,16.53,30.88,27.20,12.50,17.62,20.50,31.39,25.68,17.90,15.69,13.00,26.63,28.50,26.00,16.70,11.19,21.03,30.80,22.39,18.00,14.19,30.64,26.60,12.00,15.71,8.90,19.90,29.81,24.27,16.80,12.80,34.25,29.36,15.20,13.15,11.96,36.62,28.79,19.01,10.50,13.48,29.00,26.36,19.90,15.52,"6,670",-0.05,Ellomay Capital Ltd.,15.151,194729744,45.91,-0.36%,Utilities,ELLO,1553,
,18.71,19.42,15.10,8.36,,,21.49,18.24,12.44,,,23.34,16.57,9.85,,,19.62,15.25,9.51,,,19.96,16.18,8.63,,,21.97,18.34,12.58,,,22.06,21.06,12.97,,,18.19,15.90,9.31,,,18.18,19.65,13.03,,,19.21,16.06,10.27,,,19.34,14.62,10.43,,,22.89,14.43,10.26,1.115M,+0.08,"The Duckhorn Portfolio, Inc.",8.435,973474944,14.80,+0.90%,Consumer Defensive,NAPA,452443,
82.13,87.90,77.64,103.95,98.33,92.60,79.64,84.99,80.73,100.35,91.28,78.86,90.16,81.32,103.04,70.19,86.46,79.52,89.77,102.37,84.30,80.43,79.10,84.51,107.13,86.91,88.17,92.36,74.90,108.91,79.69,85.33,88.57,72.49,117.27,89.40,90.37,83.44,96.92,105.92,76.65,86.94,93.31,76.38,116.23,97.74,74.21,82.40,84.69,92.04,106.12,72.76,84.50,83.41,102.26,96.60,75.38,81.72,75.73,98.80,"60,891",+1.75,"John B. Sanfilippo & Son, Inc.",100.085,1160995968,17.38,+1.78%,Consumer Defensive,JBSS,39594,
,,11.91,12.32,12.25,,,16.05,9.05,11.92,,,13.32,9.65,12.29,,,15.33,11.73,11.81,,,13.53,11.53,11.29,,,,9.37,13.21,,,,8.46,13.52,,,12.40,11.74,11.93,,,,10.24,13.36,,,12.93,10.30,11.51,,,14.60,8.55,11.42,,,16.96,7.30,11.58,"428,766",+0.02,Dole plc,12.265,1164306688,8.02,+0.12%,Consumer Defensive,DOLE,122957,
,24.32,11.50,12.88,25.34,,39.40,17.98,12.95,11.78,,25.31,18.06,14.92,15.69,,27.12,14.25,16.16,17.97,,24.73,16.53,17.58,14.38,,,17.41,11.80,11.70,,,19.96,8.75,11.99,,21.84,12.36,15.30,23.25,,,21.29,9.90,14.49,,29.64,16.91,14.27,13.32,,34.56,16.42,13.24,11.06,,40.53,17.57,11.97,11.58,"447,612",+1.02,"Vital Farms, Inc.",26.3588,1101687168,44.68,+4.02%,Consumer Defensive,VITL,525687,
13.00,11.66,11.18,12.98,17.50,20.51,14.37,10.98,11.58,16.57,18.39,12.63,11.76,13.90,17.56,14.93,12.87,10.47,13.79,17.81,17.78,11.83,11.02,14.97,18.10,18.96,14.40,11.86,13.70,13.35,19.07,15.93,12.27,11.78,12.27,10.79,11.96,11.48,13.43,17.56,18.77,16.28,12.19,10.91,11.79,16.68,11.34,9.85,14.35,17.42,14.16,11.29,10.62,11.43,18.09,15.89,12.24,10.56,10.30,17.10,"536,443",+0.34,Perdoceo Education Corporation,17.845,1170608768,8.19,+1.97%,Consumer Defensive,PRDO,272342,
48.37,56.23,57.85,54.89,50.69,50.06,43.41,50.60,51.04,47.62,57.06,48.61,54.92,52.81,67.32,49.35,50.82,54.11,50.59,48.01,53.15,45.87,54.43,54.37,57.95,59.50,42.16,52.16,55.91,50.57,60.77,42.51,56.97,60.50,49.94,44.21,58.99,58.07,52.89,51.72,56.52,44.06,56.04,63.68,51.55,52.22,45.51,46.57,56.91,56.26,54.80,39.85,47.00,50.61,45.00,54.81,41.88,48.33,46.04,47.21,"278,479",+1.12,Universal Corporation,51.81,1273137536,9.74,+2.21%,Consumer Defensive,UVV,378986,
14.08,32.23,36.60,33.26,33.03,38.58,14.81,30.23,33.34,28.54,38.11,25.69,33.30,33.28,29.43,30.62,31.14,32.85,32.55,38.01,36.40,27.29,29.84,38.23,31.82,36.47,11.53,28.92,34.61,36.34,35.07,13.58,31.83,38.89,35.76,10.07,30.46,32.60,34.05,37.66,31.67,14.80,30.76,35.73,31.11,35.56,23.05,31.07,38.85,26.90,33.13,13.52,34.87,36.63,19.03,40.32,14.54,32.57,28.97,21.18,"368,198",+0.54,"The Chefs' Warehouse, Inc.",33.57,1336391424,38.15,+1.63%,Consumer Defensive,CHEF,280195,
,,10.86,21.65,23.08,,,,14.99,28.29,,,11.17,13.82,25.65,,,11.59,16.91,26.10,,,10.91,13.57,19.69,,,,12.05,26.42,,,,9.79,26.87,,,8.96,19.62,24.43,,,,12.26,26.68,,,13.50,11.84,28.06,,,,10.26,27.10,,,,11.39,26.04,"670,867",+0.52,"The Vita Coco Company, Inc.",23.6,1343531520,29.87,+2.25%,Consumer Defensive,COCO,266836,
28.51,28.20,26.05,28.71,25.86,26.04,23.19,32.88,27.34,25.55,34.98,24.07,27.60,26.19,26.25,27.42,25.74,25.88,31.28,23.93,31.38,24.47,27.83,28.60,24.58,30.33,22.58,30.86,29.71,26.58,26.95,24.62,32.88,29.53,25.71,27.61,28.63,25.91,30.11,25.91,25.02,24.89,33.47,25.54,26.36,32.70,25.39,24.76,27.68,22.80,31.90,21.53,33.49,26.08,25.00,34.11,22.92,32.22,23.24,25.84,"214,777",+0.10,Fresh Del Monte Produce Inc.,25.96,1236448768,,+0.39%,Consumer Defensive,FDP,90816,
3.99,9.31,11.25,8.46,11.14,5.58,5.06,9.35,9.22,11.48,8.37,6.80,7.68,8.29,11.10,6.54,8.25,9.56,8.12,10.04,7.47,7.46,8.10,8.45,10.23,6.75,4.18,9.56,8.20,11.10,7.14,4.34,10.04,8.46,9.36,3.89,7.86,12.08,8.09,11.02,6.65,4.31,10.63,11.11,8.74,6.88,6.18,7.81,8.26,11.46,5.93,4.84,8.76,8.66,10.55,5.83,4.67,9.03,8.29,11.69,"463,525",-0.01,Adecoagro S.A.,11.13,1179846784,8.12,-0.09%,Consumer Defensive,AGRO,178954,
10.47,29.30,14.12,18.91,18.02,10.22,18.40,19.42,16.66,15.44,10.28,22.06,15.95,15.86,16.24,10.68,25.27,15.25,16.40,17.69,10.82,23.58,16.11,16.66,17.70,10.30,13.38,22.64,16.82,16.75,10.00,13.70,21.79,13.82,16.36,10.23,24.79,14.78,16.47,18.44,10.03,10.72,23.10,14.00,16.45,10.20,20.18,14.11,19.06,13.21,10.23,16.96,15.59,16.21,12.19,10.19,17.90,17.13,15.10,13.43,"749,758",+0.24,"Utz Brands, Inc.",18.265,1486895104,,+1.36%,Consumer Defensive,UTZ,288001,
40.83,61.29,93.12,92.04,74.28,38.88,40.40,67.89,87.53,78.13,47.51,42.66,86.34,96.46,86.37,35.77,51.96,82.22,89.40,77.01,41.69,47.56,76.93,95.00,84.25,31.48,40.25,59.76,95.46,84.80,31.13,43.07,58.27,86.75,82.65,36.16,61.65,89.05,88.70,76.68,29.81,42.61,61.94,89.06,80.27,44.44,37.59,76.78,101.10,81.62,39.43,35.86,69.19,94.37,80.22,38.86,38.04,66.03,79.21,75.33,"84,900",-1.00,"Ingles Markets, Incorporated",73.28,1391909632,7.53,-1.35%,Consumer Defensive,IMKTA,36992,
21.74,22.41,15.11,11.51,16.28,21.90,25.57,21.58,13.02,15.07,27.12,25.30,15.71,15.62,21.93,23.78,22.42,12.90,11.58,20.64,29.86,22.20,14.48,15.28,19.62,,26.15,23.00,10.50,15.73,,23.44,25.78,9.95,14.04,19.06,18.59,14.41,11.16,18.58,,19.65,23.41,12.14,11.73,27.54,26.52,14.15,15.02,20.46,27.00,24.00,17.45,14.74,16.10,25.64,27.24,19.74,13.56,15.80,"121,520",+0.12,Afya Limited,16.4,1475170176,20.25,+0.74%,Consumer Defensive,AFYA,98034,
7.59,9.26,12.72,12.74,10.44,7.89,7.14,10.65,9.80,10.71,9.50,8.26,11.48,11.86,11.28,8.24,9.68,11.21,13.27,11.16,9.32,8.33,11.11,12.95,10.47,7.80,6.26,9.48,11.14,13.12,6.59,7.13,10.03,10.50,12.81,6.68,9.89,12.04,12.01,10.96,6.05,8.11,9.75,12.31,11.71,9.53,7.97,11.02,11.10,10.71,8.65,6.52,9.40,10.62,10.28,8.45,6.87,9.04,8.81,10.64,1.053M,+0.02,Vector Group Ltd.,10.455,1648575872,9.01,+0.14%,Consumer Defensive,VGR,526699,
50.03,51.85,79.88,82.49,62.58,38.23,49.23,56.95,77.71,64.87,40.49,47.81,65.88,82.29,63.96,37.25,53.45,61.67,76.44,64.94,36.69,49.28,60.24,86.34,60.75,36.45,49.82,52.65,76.93,66.34,36.41,50.12,51.66,74.54,64.21,41.66,56.52,71.42,84.67,64.40,37.80,55.73,50.88,73.52,59.54,39.83,47.63,62.95,87.21,60.35,38.49,45.41,56.31,93.67,65.10,38.14,48.00,52.55,71.24,63.00,"101,548",+0.14,"Weis Markets, Inc.",62.72,1687067648,16.25,+0.22%,Consumer Defensive,WMK,61341,
27.61,38.20,38.14,43.67,36.84,27.84,28.71,42.30,38.96,38.56,30.96,34.58,45.71,38.54,36.63,30.36,30.59,35.68,42.70,38.19,25.82,33.40,45.80,42.86,37.05,30.43,29.89,41.08,39.78,39.41,26.95,31.16,43.90,34.52,41.31,24.08,39.60,36.67,42.42,38.64,28.54,30.42,45.38,36.40,38.95,31.16,34.75,42.46,43.21,34.81,35.00,26.22,34.99,39.19,34.90,32.49,27.88,36.30,37.40,36.96,"358,711",+0.88,Edgewell Personal Care Company,37.72,1883476608,18.31,+2.39%,Consumer Defensive,EPC,195734,
,,10.91,9.09,10.22,,,,14.86,10.36,,,19.54,10.55,14.73,,,13.19,9.44,11.30,,,16.20,12.54,13.59,,,,11.95,11.81,,,,10.21,10.73,,,12.46,8.83,10.98,,,,14.75,10.00,,,27.49,14.19,14.88,,,,14.55,8.93,,,,12.09,9.50,"898,422",+0.03,"Udemy, Inc.",10.25,1570884224,,+0.29%,Consumer Defensive,UDMY,263447,
,,,,22.01,,,,,,,,,,13.14,,,,,14.64,,,,,12.99,,,,,,,,,,,,,,,18.80,,,,,,,,,,11.20,,,,,,,,,,,1.163M,+1.69,WK Kellogg Co,23.7,2033877248,18.52,+7.68%,Consumer Defensive,KLG,1097966,
,44.70,18.81,12.44,12.23,,,38.47,11.50,17.39,,,24.44,11.83,19.37,,,20.33,11.27,16.07,,,20.31,15.95,19.14,,,35.59,13.89,15.69,,,39.56,14.18,13.02,,,23.04,11.52,14.02,,,38.00,16.91,12.66,,,29.99,13.94,19.75,,,34.91,12.89,17.34,,,31.65,10.78,18.69,1.737M,-0.10,"Coursera, Inc.",12.13,1908340096,,-0.82%,Consumer Defensive,COUR,1137125,
16.97,28.72,50.23,44.70,58.95,22.92,17.73,30.38,37.03,51.36,25.28,24.51,38.71,34.99,57.54,18.37,26.14,45.60,45.63,55.28,22.62,23.00,38.10,36.78,52.71,26.85,14.22,26.70,36.17,48.82,27.24,13.76,30.53,32.99,46.15,18.75,27.38,50.26,41.32,57.37,27.17,12.96,31.08,37.61,39.01,23.10,22.73,33.98,38.50,49.86,18.42,21.69,34.06,35.27,50.13,22.43,19.17,30.83,31.03,51.51,"173,816",+1.76,"The Andersons, Inc.",60.71,2067163264,20.65,+2.99%,Consumer Defensive,ANDE,228007,
51.73,47.60,31.50,53.25,36.67,50.65,42.81,37.47,46.60,46.52,48.50,42.49,40.53,49.38,41.45,38.11,50.02,39.25,48.79,35.79,44.60,42.23,38.73,48.43,42.10,59.34,43.82,44.40,43.42,51.61,54.10,43.80,44.52,41.82,50.38,44.15,52.24,32.26,50.43,38.95,52.13,52.71,48.71,41.12,47.35,48.89,41.13,36.70,49.43,40.71,54.02,38.84,36.14,50.24,41.69,55.45,40.53,39.88,42.42,43.58,"555,003",0.00,"TreeHouse Foods, Inc.",36.67,1975104768,34.92,0.00%,Consumer Defensive,THS,170146,
31.77,34.31,29.31,40.57,46.84,42.72,33.20,37.00,37.69,43.85,34.97,33.95,29.56,35.50,58.95,30.87,39.30,20.78,39.12,49.50,34.51,38.59,29.42,38.18,50.48,47.37,34.34,36.34,40.10,43.24,45.05,31.15,35.64,35.97,34.34,26.79,39.54,29.71,38.62,51.40,43.96,33.46,36.38,32.62,41.50,33.73,28.63,29.67,41.60,56.97,29.78,23.44,36.93,41.70,51.80,38.09,24.54,37.81,36.45,42.85,"573,069",+0.25,Adtalem Global Education Inc.,47.09,1845367680,16.88,+0.53%,Consumer Defensive,ATGE,146827,
37.73,60.10,91.33,98.68,80.52,48.17,35.55,65.30,109.46,119.90,48.45,47.06,84.99,106.38,98.52,28.76,63.88,79.61,101.44,85.18,34.06,57.90,75.66,97.54,84.95,49.99,36.27,59.65,105.18,114.01,66.31,36.71,67.64,100.09,106.28,26.89,59.15,85.59,96.72,86.13,60.21,37.51,69.69,96.86,95.06,45.62,43.61,77.98,125.06,85.45,42.89,42.02,64.21,112.05,94.66,49.68,39.74,65.10,106.16,105.48,"221,998",-0.62,"MGP Ingredients, Inc.",79.895,1758361088,16.64,-0.78%,Consumer Defensive,MGPI,158366,
31.21,28.89,33.02,39.69,30.46,32.59,28.42,28.96,33.77,31.21,30.33,26.39,33.16,40.13,32.27,28.50,27.37,30.89,41.50,31.57,30.31,35.17,31.07,42.16,31.64,33.19,28.17,31.47,33.10,33.84,32.81,30.45,31.03,33.32,34.38,31.95,30.32,32.95,43.60,32.03,33.73,31.65,28.63,31.17,37.93,30.52,27.52,28.78,42.37,32.13,30.46,26.55,28.96,38.07,30.20,33.00,27.45,27.85,31.37,28.99,"76,353",-0.06,"Tootsie Roll Industries, Inc.",30.4,2163437056,23.03,-0.20%,Consumer Defensive,TR,32737,
,,13.28,15.38,13.40,,,16.71,11.75,13.39,,,18.92,10.32,15.09,,,14.91,13.01,12.94,,,14.99,12.20,13.29,,,15.96,14.28,15.40,,,,13.60,14.73,,,14.85,15.55,15.23,,,,14.82,14.94,,,14.55,15.42,13.00,,,12.75,14.35,12.93,,,14.00,11.53,12.47,2.799M,-0.21,"Krispy Kreme, Inc.",13.155,2219248384,,-1.57%,Consumer Defensive,DNUT,1674268,
9.47,13.75,11.33,12.39,14.19,18.30,12.52,15.93,11.02,13.93,17.61,14.56,12.24,9.62,13.71,18.70,13.75,10.84,11.86,13.41,20.84,13.01,12.65,10.98,12.62,16.39,12.68,14.81,11.84,12.82,15.71,9.97,14.51,11.57,12.09,10.51,13.59,11.85,11.76,14.57,16.06,9.73,14.61,12.73,12.10,17.35,14.20,10.00,10.48,13.13,15.45,13.00,17.32,12.64,14.14,16.58,13.28,16.99,10.55,14.10,"651,785",+0.04,"Laureate Education, Inc.",14.225,2207151104,19.22,+0.25%,Consumer Defensive,LAUR,477341,
159.30,75.06,64.60,88.00,98.85,169.23,102.57,78.28,64.70,77.50,158.90,95.33,57.84,78.32,92.37,147.38,90.92,59.02,85.25,110.79,162.29,88.37,59.66,93.35,94.06,177.99,126.21,79.29,71.83,75.10,178.00,153.65,76.06,70.58,67.84,139.76,91.91,66.38,89.83,104.12,175.99,169.63,70.84,65.82,78.91,141.74,93.89,53.50,81.80,88.97,123.03,83.06,68.21,69.00,82.31,135.88,91.47,70.50,61.41,75.25,"92,291",+0.35,"Strategic Education, Inc.",99.195,2440841728,34.09,+0.35%,Consumer Defensive,STRA,70408,
,,,,20.24,,,,,,,,,,,,,,,,,,,,,,,,,,,,,,,,,,,23.78,,,,,,,,,,,,,,,,,,,,,1.113M,-0.17,BBB Foods Inc.,20.07,2251874048,,-0.84%,Consumer Defensive,TBBB,289801,
164.28,211.21,214.51,100.34,99.70,153.51,206.82,239.19,123.63,122.92,179.79,222.19,244.47,110.91,120.81,164.60,216.80,205.67,112.69,125.00,189.05,244.25,209.33,113.11,114.50,148.28,188.25,223.39,133.79,141.30,130.59,188.56,228.12,162.41,108.02,144.03,210.66,195.84,95.17,115.24,133.61,181.92,210.48,185.19,96.28,161.42,201.99,240.50,98.54,105.03,149.76,189.60,224.95,94.62,98.32,157.66,193.52,224.68,96.44,116.56,"209,035",+0.54,Helen of Troy Limited,100.24,2380339200,14.85,+0.54%,Consumer Defensive,HELE,460403,
22.71,28.63,39.30,42.96,58.10,26.35,37.21,34.24,38.14,42.49,20.35,21.23,33.33,31.28,59.37,19.88,24.05,33.58,42.47,59.75,16.14,25.75,35.07,42.93,59.95,29.85,45.79,30.66,44.68,38.21,30.41,27.24,32.13,40.79,37.23,18.86,30.11,36.33,39.25,63.05,30.57,24.62,26.88,39.11,40.41,19.65,23.33,34.13,35.41,60.58,19.79,23.87,35.50,33.51,54.98,26.40,26.34,35.94,42.03,45.03,"761,251",+0.27,"Stride, Inc.",58.37,2531693568,14.70,+0.46%,Consumer Defensive,LRN,810039,
63.54,84.04,79.45,73.68,80.91,60.43,65.75,84.61,63.27,79.48,71.02,91.09,73.17,60.78,75.78,55.69,96.45,72.72,69.72,84.14,61.26,93.88,71.41,74.31,76.02,61.00,65.37,89.74,66.38,77.73,51.12,60.33,91.01,71.63,74.06,52.55,96.75,78.87,71.48,84.00,48.60,54.38,88.30,78.63,72.48,74.74,81.28,71.72,71.04,67.39,74.10,69.00,71.95,63.97,62.49,71.10,66.45,77.55,57.59,74.43,"156,475",+0.63,"PriceSmart, Inc.",81.54,2499600640,20.54,+0.78%,Consumer Defensive,PSMT,125985,
43.06,88.14,85.07,66.50,79.81,55.87,59.60,78.06,62.99,83.17,64.29,78.98,101.72,60.92,79.77,53.89,77.55,92.78,64.02,80.42,61.41,75.57,89.38,67.88,78.62,50.11,54.16,87.35,69.54,78.41,53.77,45.90,85.04,82.02,78.05,36.37,85.00,88.72,66.22,89.01,52.67,47.32,88.89,87.74,72.21,62.52,66.83,100.10,53.27,69.33,50.21,56.87,93.75,46.14,75.32,52.72,57.16,95.67,39.03,78.35,"362,896",+0.63,"Spectrum Brands Holdings, Inc.",80.44,2435047680,,+0.79%,Consumer Defensive,SPB,188640,
9.97,12.38,4.21,11.59,11.88,,10.48,7.88,6.36,6.71,9.90,14.60,6.55,6.41,8.90,10.04,14.57,5.22,11.27,13.04,10.05,18.99,4.88,8.28,8.58,,10.30,7.91,6.19,8.97,,10.17,10.89,4.53,9.40,10.00,13.23,5.33,9.92,15.47,,9.93,14.41,4.04,8.94,9.92,10.52,6.55,6.19,8.89,9.84,10.20,7.80,4.54,5.98,,11.75,7.54,5.58,6.29,5.128M,+0.47,"Hims & Hers Health, Inc.",12.345,2644916224,,+3.91%,Consumer Defensive,HIMS,2475354,
25.79,42.40,34.29,28.85,40.23,20.69,31.86,36.06,31.26,34.57,24.33,30.23,41.21,29.33,39.24,20.97,35.71,37.07,31.71,43.87,25.22,33.12,36.33,32.84,36.73,23.79,29.65,37.82,33.94,31.70,21.10,28.18,41.45,33.22,30.36,21.53,45.43,34.42,32.15,42.83,22.04,28.73,43.01,35.38,28.43,20.66,31.35,37.73,32.15,31.78,23.51,30.51,40.39,32.32,34.17,22.89,31.27,37.59,28.22,34.57,"118,291",+1.86,Central Garden & Pet Company,42.09,2647890432,20.84,+4.62%,Consumer Defensive,CENT,271596,
127.03,164.61,149.70,153.20,136.51,193.06,135.95,163.76,149.03,162.13,184.27,155.37,157.96,149.71,167.14,160.82,158.76,163.72,141.21,145.08,165.84,152.66,151.69,143.30,159.23,185.84,123.13,164.38,135.51,160.32,160.95,127.13,174.41,139.66,158.36,121.00,157.03,155.10,148.22,144.56,160.85,128.63,175.58,128.22,153.95,185.00,145.39,136.58,164.02,164.55,190.76,135.57,147.55,147.61,156.61,192.00,130.39,152.82,129.47,163.65,"96,059",+1.00,J&J Snack Foods Corp.,137.5117,2664949248,33.46,+0.73%,Consumer Defensive,JJSF,46754,
390.01,635.61,592.37,575.57,700.75,704.06,427.95,616.81,565.43,586.33,638.99,533.38,629.83,604.21,696.52,502.88,600.83,601.13,626.66,702.33,549.22,568.11,595.12,653.31,720.40,742.73,398.37,664.66,594.49,586.75,690.03,342.67,633.90,566.84,571.48,341.17,562.44,611.47,595.84,767.68,680.54,358.23,662.54,613.02,564.75,631.61,447.02,566.52,643.68,627.15,629.66,380.34,585.85,623.87,578.72,663.45,404.11,589.16,537.98,583.00,"13,766",+15.33,Graham Holdings Company,716.08,3191575808,16.35,+2.19%,Consumer Defensive,GHC,5003,
466.51,"1,216.49",375.00,317.51,289.18,438.42,881.98,570.21,337.08,365.43,377.85,994.29,505.10,329.52,345.59,370.79,"1,028.71",383.46,323.80,308.14,356.38,916.89,420.83,388.61,349.27,392.32,810.44,710.00,380.43,371.44,377.76,536.65,"1,020.80",302.97,308.44,367.56,"1,206.28",388.47,328.70,304.42,314.30,564.73,"1,058.16",355.30,337.50,384.32,930.84,451.17,384.37,354.76,374.46,"1,039.18",492.48,373.29,333.95,364.08,883.36,509.75,323.65,389.53,"140,638",-2.40,"The Boston Beer Company, Inc.",286.775,3444081664,46.11,-0.83%,Consumer Defensive,SAM,94342,
13.88,26.96,23.15,12.15,6.94,16.60,15.98,25.41,17.85,10.58,19.22,21.23,21.84,13.08,8.68,15.43,23.17,23.75,14.69,7.50,19.53,24.02,23.21,15.96,8.32,14.19,16.40,24.75,20.21,11.16,15.42,15.88,27.47,19.04,8.70,13.28,26.78,21.41,12.44,8.03,13.42,13.15,28.69,21.44,8.31,19.22,21.26,21.47,12.97,7.63,18.97,17.66,22.89,13.81,6.72,18.72,17.16,22.14,13.89,9.03,5.419M,+0.17,Newell Brands Inc.,7.115,2953870336,,+2.52%,Consumer Defensive,NWL,3080926,
41.51,37.36,53.73,47.50,59.70,40.54,38.59,36.16,53.61,47.79,42.75,37.54,36.99,54.45,57.39,34.89,38.10,44.27,56.80,57.49,35.69,38.34,39.00,57.22,55.42,39.77,43.95,34.89,51.11,46.19,41.72,44.48,36.21,49.41,45.00,43.98,38.42,55.22,60.89,58.85,37.02,44.56,34.91,47.73,47.55,43.53,39.13,36.06,58.28,47.92,39.89,38.35,36.06,56.51,45.31,39.96,38.37,36.16,55.59,48.42,"654,232",+0.19,"Cal-Maine Foods, Inc.",59.89,2936903680,10.62,+0.32%,Consumer Defensive,CALM,486269,
33.27,40.39,33.67,29.78,27.44,40.45,41.13,26.03,40.12,30.85,32.45,39.25,28.28,29.19,26.96,31.65,35.99,27.81,27.05,25.79,32.74,42.69,25.38,30.39,24.78,38.94,43.99,33.12,42.72,33.45,,40.80,34.66,42.63,30.61,34.34,36.89,32.78,28.26,28.78,,36.81,34.07,38.25,28.72,33.13,38.62,28.96,30.27,28.21,31.90,44.02,22.19,34.57,27.67,34.68,39.32,21.57,33.29,28.85,1.27M,-0.09,Grocery Outlet Holding Corp.,27.355,2737879808,34.63,-0.31%,Consumer Defensive,GO,575247,
20.61,29.16,18.46,18.80,18.59,20.15,24.66,26.39,17.69,18.34,22.37,25.42,25.39,17.24,16.95,18.46,23.62,25.18,17.92,18.43,20.18,25.10,25.80,17.79,17.99,22.27,23.06,26.12,18.44,17.78,21.36,21.45,28.27,19.99,17.52,18.56,27.46,22.58,18.74,19.56,21.22,21.18,30.67,20.87,17.05,21.00,24.15,23.89,17.49,16.15,19.51,24.25,27.23,15.40,13.82,20.50,25.48,27.56,14.20,15.22,"658,514",+0.16,Nomad Foods Limited,18.745,3078285568,15.49,+0.83%,Consumer Defensive,NOMD,212886,
18.85,34.55,41.65,36.37,32.91,29.63,24.85,35.62,30.55,36.08,28.54,31.36,41.57,38.03,39.60,22.06,29.17,39.63,38.29,35.48,22.97,28.54,35.23,36.30,37.80,27.23,24.04,37.48,32.62,38.71,24.08,18.58,36.51,37.77,36.59,19.26,30.42,37.95,39.77,34.03,21.49,17.03,34.53,39.96,36.19,27.63,21.74,36.97,39.90,38.74,24.54,18.80,39.65,38.30,37.29,28.99,22.05,34.49,31.99,34.52,"949,148",+0.92,The Simply Good Foods Company,33.83,3382628096,24.34,+2.80%,Consumer Defensive,SMPL,1677299,
86.02,108.29,95.97,118.70,128.94,125.60,94.04,89.14,81.38,117.25,95.79,93.11,85.71,105.66,132.04,80.68,104.69,86.83,113.29,134.80,78.28,84.94,83.68,116.56,130.59,108.77,88.74,92.37,96.07,108.55,117.02,90.53,89.97,94.19,103.21,76.29,107.10,97.11,113.90,136.21,119.86,97.59,90.94,89.17,104.76,85.19,83.47,72.47,113.07,136.72,91.96,78.37,79.70,100.63,118.33,98.20,79.94,87.96,82.25,116.88,"184,304",-0.10,"Grand Canyon Education, Inc.",128.835,3867446528,18.95,-0.08%,Consumer Defensive,LOPE,128291,
44.69,73.60,81.73,151.79,129.52,64.29,44.67,72.54,78.52,139.73,72.71,60.49,106.90,96.52,144.01,60.06,73.17,92.88,120.41,146.72,69.11,62.18,98.97,118.22,139.15,69.28,40.89,76.87,83.47,149.56,66.49,48.15,72.00,73.06,135.23,46.35,70.93,88.05,142.24,140.51,64.78,46.41,76.48,73.80,125.60,70.49,54.31,87.83,95.29,125.16,77.43,41.06,92.38,80.88,127.11,69.97,37.35,74.77,75.46,134.34,"147,240",+1.46,"Inter Parfums, Inc.",130.98,4194202112,27.57,+1.13%,Consumer Defensive,IPAR,91088,
67.91,92.27,48.05,65.25,73.70,55.45,95.54,72.38,55.31,77.08,65.31,81.77,51.19,46.84,75.89,50.87,82.68,43.18,57.54,80.17,53.04,94.73,47.94,54.76,71.93,84.69,105.10,93.10,58.95,72.88,87.11,97.65,84.13,58.75,57.93,46.34,87.00,42.96,57.94,79.57,98.72,91.45,86.44,46.97,55.12,65.40,88.06,61.89,60.90,73.27,63.88,87.09,67.66,56.00,77.24,58.64,87.35,60.28,51.60,77.18,"932,419",+1.51,"Ollie's Bargain Outlet Holdings, Inc.",75.21,4615389696,25.76,+2.05%,Consumer Defensive,OLLI,722194,
75.41,184.82,93.35,68.97,104.75,49.08,113.60,128.14,43.53,75.51,59.09,141.99,95.27,52.77,86.76,66.46,155.88,95.23,62.18,113.03,62.88,139.31,93.03,63.33,86.10,45.15,96.05,146.45,53.44,73.54,45.51,83.66,162.96,51.89,65.81,63.87,158.81,102.64,66.19,115.86,46.47,77.18,176.82,71.97,59.76,53.74,136.88,108.02,67.02,70.95,52.26,114.50,155.91,58.95,57.40,49.77,111.65,142.69,50.09,65.88,"605,803",+0.59,"Freshpet, Inc.",105.34,5087142400,,+0.56%,Consumer Defensive,FRPT,262404,
60.11,74.46,74.39,90.49,104.63,65.24,57.60,73.24,88.76,89.71,71.40,66.11,73.78,90.26,88.06,66.27,62.87,68.81,89.96,104.16,68.44,62.07,69.25,94.95,92.87,70.17,58.08,66.98,86.94,85.30,68.04,57.34,70.99,82.35,86.65,54.30,69.19,69.26,89.87,106.28,68.78,56.98,75.61,82.23,84.96,69.11,61.82,63.22,93.61,85.43,67.34,56.22,66.41,90.42,80.28,69.27,56.28,72.09,81.91,85.74,"573,943",+0.27,"Post Holdings, Inc.",104.9,6365457920,22.56,+0.26%,Consumer Defensive,POST,207085,
25.11,48.59,44.08,49.70,44.68,20.45,40.66,46.55,55.46,51.31,25.51,42.45,45.33,46.53,49.72,21.15,47.66,44.01,46.65,52.64,21.45,75.77,44.67,44.20,46.24,21.76,32.08,45.38,54.18,52.85,22.32,30.51,47.23,48.94,48.35,21.33,48.91,43.50,52.72,47.46,22.58,28.49,49.93,49.63,49.42,24.82,49.01,51.94,51.53,47.54,21.98,39.15,56.40,47.42,46.38,22.18,34.01,52.49,38.54,47.02,"138,572",-0.21,National Beverage Corp.,44.47,4159781632,24.57,-0.47%,Consumer Defensive,FIZZ,90328,
22.28,23.96,26.52,27.51,24.67,22.80,24.46,24.13,27.30,23.56,21.74,22.63,27.47,28.74,22.51,21.53,21.75,27.41,27.88,22.42,21.53,22.96,28.13,27.69,22.80,23.70,22.75,23.56,28.41,24.71,23.27,22.36,24.20,26.32,24.88,20.52,23.80,25.71,27.41,23.75,22.37,23.59,24.09,27.60,24.98,21.53,22.19,25.82,30.05,20.81,21.72,23.58,24.75,28.71,21.93,23.13,24.33,23.63,24.69,22.18,1.226M,-0.03,"Flowers Foods, Inc.",24.635,5201162752,42.47,-0.14%,Consumer Defensive,FLO,538827,
134.63,184.71,155.18,209.12,185.59,145.90,177.72,177.24,168.55,165.19,160.10,183.73,165.60,197.30,166.39,144.45,174.67,168.21,191.98,206.92,154.65,174.58,158.77,191.91,183.78,155.82,158.59,197.87,132.38,192.63,148.60,154.99,193.51,128.78,201.09,144.64,175.36,149.15,202.88,207.63,143.83,153.46,186.67,121.90,196.58,158.03,169.33,146.20,207.14,165.90,139.18,166.14,170.00,180.28,169.17,138.65,178.80,168.81,150.28,165.03,"140,840",+0.85,Lancaster Colony Corporation,186.44,5131015168,39.67,+0.46%,Consumer Defensive,LANC,111786,
20.78,25.61,29.80,34.66,65.43,17.95,23.35,24.90,28.90,40.79,19.35,20.10,29.68,32.37,48.11,15.98,21.11,28.48,30.29,62.44,15.63,22.65,27.14,31.95,50.37,16.93,26.38,24.58,27.64,39.25,18.89,25.59,24.85,25.32,36.73,18.59,26.62,31.98,35.03,64.48,20.05,25.13,26.60,27.09,34.56,19.80,21.17,26.46,34.33,43.08,19.41,19.05,22.14,29.50,42.02,19.34,20.93,23.17,27.75,42.80,1.322M,+0.24,"Sprouts Farmers Market, Inc.",65.67,6622753792,26.27,+0.37%,Consumer Defensive,SFM,730959,
20.59,69.45,73.39,59.57,42.88,18.60,31.97,74.50,76.06,61.76,28.08,57.68,69.29,62.59,49.84,25.70,63.04,72.48,63.27,42.31,27.13,62.01,63.77,66.29,43.30,20.33,27.93,69.07,69.28,69.25,19.89,24.62,67.50,59.80,63.79,19.17,73.58,80.38,58.40,46.51,18.90,23.31,68.46,80.07,63.38,23.80,48.28,67.52,71.83,43.87,19.30,43.00,84.52,78.48,44.29,19.13,36.03,71.90,66.15,52.20,2.057M,+0.17,Darling Ingredients Inc.,43.05,6878529024,10.79,+0.40%,Consumer Defensive,DAR,1181859,
235.47,293.25,441.50,589.46,830.65,336.61,273.30,406.16,474.33,698.90,284.05,266.27,619.19,512.36,928.40,196.38,256.66,496.93,556.85,840.80,270.81,266.86,573.00,506.78,861.39,293.53,229.56,399.15,513.00,633.41,299.25,229.19,402.13,563.90,636.02,208.53,288.78,496.85,535.08,846.41,302.01,243.43,404.92,564.97,661.74,270.16,261.69,570.57,491.80,734.52,274.36,228.95,401.40,487.01,636.41,303.87,240.68,394.18,411.73,636.32,"44,961",-1.57,"Coca-Cola Consolidated, Inc.",829.08,7771538944,19.05,-0.19%,Consumer Defensive,COKE,14767,
81.20,93.41,85.11,106.17,114.31,77.27,80.44,87.86,87.07,102.91,92.95,78.67,96.64,97.93,108.53,83.30,90.20,88.74,99.40,117.63,88.00,75.47,94.70,102.80,107.57,77.29,86.50,87.81,90.98,111.26,82.49,83.00,90.50,88.16,105.95,75.50,89.92,87.15,101.73,116.85,76.16,84.23,94.93,94.69,104.60,83.17,77.15,93.13,97.97,102.49,79.00,70.89,95.23,89.12,93.58,81.74,75.68,89.01,80.52,98.40,"418,870",-0.01,Ingredion Incorporated,114.3,7498628608,11.91,-0.01%,Consumer Defensive,INGR,100652,
17.53,25.79,21.43,35.99,55.08,,19.44,33.77,23.69,41.50,21.29,24.31,28.53,25.64,55.43,19.65,22.72,25.57,30.88,56.95,21.64,23.26,24.36,28.36,55.27,,19.87,33.07,24.14,35.95,,19.94,31.34,24.89,36.60,17.05,23.61,23.08,34.00,59.03,,20.08,28.68,26.15,36.62,20.03,20.40,21.52,24.91,52.90,,18.29,26.82,24.22,43.73,,20.74,30.75,20.61,41.23,1.21M,+0.94,"BellRing Brands, Inc.",56.02,7337443840,45.54,+1.71%,Consumer Defensive,BRBR,540208,
22.00,23.96,28.35,22.81,35.99,31.16,16.00,27.84,28.47,25.16,32.72,19.61,28.20,23.73,27.66,21.16,22.39,23.58,23.39,31.84,26.05,19.38,27.97,24.28,27.17,27.06,15.35,22.15,31.37,24.77,25.39,16.89,22.18,31.23,21.49,18.12,23.79,25.10,23.18,34.32,25.57,20.67,24.04,33.32,22.20,31.50,18.89,28.08,26.16,25.56,30.36,16.74,28.16,23.05,25.50,32.05,14.97,29.08,23.02,22.83,"697,296",-0.19,Pilgrim's Pride Corporation,35.8,8482308608,26.32,-0.53%,Consumer Defensive,PPC,271278,
5.45,10.01,8.11,11.87,11.28,9.55,3.58,9.77,7.51,11.56,11.25,7.02,10.50,8.56,12.42,9.23,7.67,9.17,11.30,12.56,10.26,6.37,8.48,9.96,12.08,10.91,3.71,8.73,7.32,12.04,13.40,4.47,9.34,8.01,12.29,5.16,9.01,8.99,12.06,11.96,12.34,3.63,8.91,7.09,10.84,11.54,7.19,9.73,7.87,11.40,11.69,2.90,8.48,6.71,9.37,10.51,2.70,7.86,6.32,10.97,4.054M,+0.39,Coty Inc.,11.665,10442146816,33.33,+3.41%,Consumer Defensive,COTY,3843515,
13.07,30.25,24.33,92.76,161.46,16.32,19.53,30.95,38.13,138.71,16.13,25.19,33.21,55.30,144.34,15.96,25.65,26.43,74.75,208.53,15.68,21.76,29.56,57.55,159.53,16.59,17.86,27.61,33.53,116.72,14.10,19.07,27.14,30.68,114.23,9.84,26.83,25.83,82.35,196.03,10.19,17.14,28.00,26.62,104.02,16.57,21.74,30.12,54.96,118.09,16.80,20.27,32.31,43.26,92.63,17.51,18.37,29.05,37.62,109.83,1.464M,+16.41,"e.l.f. Beauty, Inc.",177.87,9873011712,78.70,+10.16%,Consumer Defensive,ELF,1900291,
26.31,44.67,64.35,76.37,74.02,26.26,44.41,56.66,74.49,67.39,22.74,37.28,66.97,66.16,66.66,19.26,40.18,62.87,71.80,73.04,20.52,42.07,61.47,72.47,64.34,23.56,40.05,50.64,67.70,66.31,26.40,37.27,47.58,62.32,63.01,25.47,44.86,67.61,76.07,75.65,24.98,36.00,44.79,57.87,62.65,23.70,40.99,66.15,75.24,64.58,26.70,38.29,58.44,77.40,68.12,25.87,41.55,54.92,72.81,71.37,1.513M,+0.90,"BJ's Wholesale Club Holdings, Inc.",74.92,9961438208,19.31,+1.22%,Consumer Defensive,BJ,1189002,
,18.57,31.28,20.90,20.23,,13.79,30.36,27.51,22.40,,17.58,30.19,20.74,23.00,,16.17,29.15,19.88,20.28,,17.37,28.15,21.20,21.22,,14.86,21.60,26.85,21.73,,,19.66,26.72,21.82,,19.07,33.25,20.78,21.44,,,19.19,30.55,20.36,,16.03,35.19,20.95,21.77,,14.69,30.95,20.51,21.70,,13.85,31.13,24.86,22.75,3.364M,+0.06,"Albertsons Companies, Inc.",20.285,11712720896,9.10,+0.27%,Consumer Defensive,ACI,2320302,
61.36,80.50,66.10,111.81,82.12,70.39,62.85,65.15,79.53,97.41,86.03,78.74,63.38,89.36,108.09,86.89,79.77,66.43,100.64,102.21,91.31,74.70,64.21,99.89,102.44,67.12,60.08,66.77,79.66,103.63,63.36,63.93,80.66,71.46,114.95,57.10,77.48,59.91,104.52,106.53,59.25,60.06,82.49,67.58,111.20,83.98,72.38,51.92,86.90,100.03,78.04,63.45,56.45,86.22,89.80,72.72,66.27,61.37,77.38,92.46,2.436M,+1.78,"Lamb Weston Holdings, Inc.",83.9,12114405376,11.17,+2.17%,Consumer Defensive,LW,1222292,
29.35,58.70,49.25,62.69,69.01,46.79,36.51,50.22,49.98,62.13,51.48,47.61,45.89,58.39,69.15,42.40,54.24,56.04,56.59,76.77,51.79,46.88,42.19,61.32,72.68,43.85,28.02,45.82,49.71,59.76,40.03,29.14,48.49,45.98,60.24,24.72,57.61,50.91,60.34,74.64,39.35,26.65,50.13,43.34,55.29,47.06,43.38,40.31,60.98,65.05,42.61,33.61,45.23,52.04,57.76,46.01,34.62,46.46,42.95,58.86,"954,767",+0.19,Performance Food Group Company,69.2,10766551040,25.26,+0.28%,Consumer Defensive,PFGC,382553,
21.50,41.46,37.62,38.40,50.44,40.45,24.35,34.00,30.62,40.43,41.89,33.31,34.83,34.02,45.41,33.64,36.46,39.09,37.53,50.79,40.17,30.99,35.26,38.13,46.01,35.37,20.30,34.34,31.50,42.73,35.76,19.72,38.36,30.68,44.00,17.71,38.12,37.63,36.94,53.97,34.56,19.14,38.94,33.12,39.78,39.77,31.48,31.42,36.58,43.83,39.67,20.90,34.67,29.76,38.94,41.10,22.22,34.66,26.44,39.70,1.73M,+0.37,US Foods Holding Corp.,50.805,12461197312,25.15,+0.72%,Consumer Defensive,USFD,795753,
49.98,47.75,47.22,54.30,45.12,45.00,52.61,41.73,50.38,41.70,49.42,48.35,43.46,56.75,43.23,45.12,45.48,44.97,52.52,42.64,48.39,48.11,44.12,51.93,44.63,41.34,49.57,43.72,49.35,45.82,40.07,49.63,45.59,48.05,45.71,46.16,50.27,44.57,54.98,44.45,36.31,50.98,48.67,47.91,50.55,46.57,50.02,40.33,53.67,40.18,46.31,46.67,39.95,52.91,40.41,46.92,48.37,41.81,47.12,41.08,2.742M,-0.09,Campbell Soup Company,45.025,13422088192,17.66,-0.21%,Consumer Defensive,CPB,1503498,
114.91,130.99,136.93,154.41,117.46,105.16,120.18,123.67,139.99,144.95,104.13,115.60,135.82,158.46,126.38,102.99,112.00,134.75,147.89,120.17,103.61,116.41,140.58,152.80,131.55,111.19,109.35,131.11,132.32,150.65,115.19,105.81,129.57,128.01,147.67,111.00,126.53,135.41,157.37,125.87,121.56,113.93,133.29,125.37,146.59,105.09,117.20,126.47,154.01,109.73,105.68,112.20,122.86,150.66,113.84,110.02,115.52,120.03,137.41,122.91,1.293M,+0.31,The J. M. Smucker Company,117.765,12503816192,,+0.26%,Consumer Defensive,SJM,690146,
1.67,19.10,17.33,31.86,69.79,1.37,6.47,27.25,34.50,65.35,1.61,16.77,24.86,34.68,54.52,1.97,19.84,21.30,30.27,81.62,1.80,17.80,15.91,33.44,49.90,1.66,4.89,22.88,29.65,48.23,1.48,3.92,25.36,21.75,49.73,1.40,16.02,18.39,30.98,82.92,1.33,3.09,21.85,22.36,41.84,1.62,10.75,22.80,37.11,49.51,1.17,6.70,32.17,30.36,50.70,1.16,7.57,30.03,30.23,57.20,4.604M,+2.94,"Celsius Holdings, Inc.",72.73,16951182336,94.45,+4.21%,Consumer Defensive,CELH,4371414,
33.44,37.09,34.93,37.96,31.10,28.36,38.36,33.12,34.38,29.88,34.24,36.26,34.15,38.70,28.66,26.69,33.93,34.97,36.41,28.08,32.92,34.60,34.76,37.19,29.15,28.87,37.45,33.49,34.21,32.81,26.52,35.17,36.38,34.24,33.72,29.34,37.60,33.57,37.56,29.64,26.77,34.79,38.10,32.89,34.87,28.87,36.56,30.55,37.98,28.29,27.05,35.09,32.20,36.70,27.36,30.68,35.71,33.87,32.63,27.42,4.816M,+0.07,"Conagra Brands, Inc.",31.17,14901224448,15.66,+0.23%,Consumer Defensive,CAG,3655258,
41.01,54.95,54.14,59.48,64.52,51.36,37.64,47.53,51.67,63.49,53.90,45.19,46.35,51.52,61.21,49.61,44.45,52.18,53.19,62.42,55.58,50.16,47.66,52.58,61.79,53.99,37.52,48.89,59.75,69.77,56.00,34.36,53.69,54.51,65.84,39.01,51.15,53.38,51.68,67.25,54.98,37.96,58.32,55.84,61.85,50.48,46.00,44.44,55.11,61.54,52.72,35.26,44.09,50.43,57.77,57.50,33.56,46.38,47.99,63.59,1.747M,-0.36,Molson Coors Beverage Company,64.155,13618951168,14.68,-0.57%,Consumer Defensive,TAP,1346594,
39.67,84.42,113.12,93.60,109.75,53.41,45.62,75.71,99.17,114.32,57.55,65.58,93.36,99.77,100.95,46.95,76.58,104.55,95.50,94.37,52.43,65.44,98.86,99.10,88.09,58.43,43.44,77.63,92.33,108.67,55.71,41.13,78.15,90.69,94.35,41.03,79.27,110.81,95.52,102.52,52.29,39.02,86.82,118.32,92.64,53.38,58.89,86.57,104.84,109.87,54.00,56.73,92.64,98.70,105.98,56.62,45.70,81.32,82.57,108.25,1.748M,-0.04,Bunge Global SA,109.715,15468168192,7.38,-0.03%,Consumer Defensive,BG,1496512,
46.85,46.20,52.39,40.44,35.14,42.61,50.98,45.54,50.28,38.59,45.11,46.61,48.81,45.55,32.11,41.60,46.37,47.64,44.38,35.32,47.26,46.86,47.47,45.31,30.37,40.99,50.86,46.38,49.34,40.88,40.54,48.27,47.75,47.36,40.22,46.64,47.78,51.54,39.88,34.89,39.49,48.83,48.54,48.67,38.25,44.53,47.18,41.40,47.00,30.59,40.89,48.69,42.32,46.45,32.55,43.73,48.89,41.00,45.44,38.03,3.241M,+0.02,Hormel Foods Corporation,35.16,19256709120,24.25,+0.06%,Consumer Defensive,HRL,901981,
186.44,182.50,143.47,165.62,145.14,158.16,223.50,168.05,144.34,156.45,153.54,201.92,174.36,140.33,142.59,159.42,181.05,145.79,155.44,153.31,157.31,209.46,167.86,144.69,145.25,162.60,236.51,180.89,141.84,151.48,153.11,219.37,179.91,140.98,159.04,173.25,192.88,139.03,158.24,153.11,148.81,206.25,176.73,145.36,158.18,148.23,202.96,162.85,148.65,143.35,147.69,207.25,163.01,146.04,117.70,151.87,210.17,165.61,128.39,131.06,1.218M,+1.50,The Clorox Company,145.44,18049976320,234.58,+1.04%,Consumer Defensive,CLX,963785,
61.50,58.61,64.32,65.51,57.98,58.97,66.58,59.29,68.30,57.30,64.94,58.43,60.49,66.89,55.91,56.78,54.19,60.04,61.92,55.15,64.05,55.34,59.15,64.39,54.76,54.67,64.78,59.49,69.41,62.81,50.30,62.03,60.40,66.99,63.29,56.33,59.44,60.55,62.87,57.29,49.35,61.32,61.49,65.48,62.69,61.15,60.01,57.45,68.50,52.54,59.65,59.05,57.56,72.13,50.47,60.42,60.65,60.02,65.41,55.88,3.226M,+0.14,Kellanova,58.115,19861325824,25.83,+0.23%,Consumer Defensive,K,940199,
78.42,90.36,100.57,87.85,74.69,81.43,103.10,86.29,84.07,82.08,84.86,,96.61,82.89,68.42,73.10,84.28,95.17,74.32,68.86,81.68,89.54,100.31,75.12,68.16,79.27,97.45,84.17,87.35,89.48,77.50,89.71,88.32,83.25,87.23,70.61,89.16,99.80,83.21,76.81,78.02,87.58,89.06,92.72,85.73,84.63,93.49,85.82,85.18,64.83,80.35,90.25,80.23,78.64,63.90,78.15,97.05,81.03,71.27,75.64,2.106M,+0.32,"McCormick & Company, Incorporated",75.0125,20141156352,28.63,+0.43%,Consumer Defensive,MKC,1231948,
69.99,85.74,97.56,97.12,105.95,79.78,95.83,83.66,83.71,96.77,70.35,87.23,102.50,80.61,94.56,69.52,78.75,97.85,83.78,100.12,74.22,84.43,102.65,80.86,99.85,75.44,96.33,86.58,87.97,95.67,73.06,77.30,85.22,92.66,100.23,64.18,87.35,99.38,88.41,104.31,74.41,75.07,85.73,90.06,92.45,70.24,87.77,89.38,81.87,96.63,69.94,88.39,87.36,74.13,90.94,75.24,93.71,82.57,71.44,91.63,1.296M,+0.84,"Church & Dwight Co., Inc.",106.79,26046613504,35.01,+0.79%,Consumer Defensive,CHD,617697,
62.19,77.45,93.16,62.49,60.61,93.04,62.80,78.52,75.38,53.27,91.04,64.44,87.16,62.25,53.75,67.83,67.67,92.66,59.24,54.24,82.63,64.31,90.89,65.75,54.76,79.50,61.45,71.46,88.01,55.72,80.74,59.71,73.76,86.06,51.04,57.87,74.30,89.63,59.32,58.73,75.89,61.44,79.50,89.61,50.64,89.89,65.20,78.96,66.28,46.84,82.79,57.23,79.97,68.35,46.35,86.14,59.48,78.94,65.93,50.49,3.009M,+0.34,"Tyson Foods, Inc.",60.95,21759698944,,+0.56%,Consumer Defensive,TSN,742652,
79.67,114.90,162.45,153.71,121.69,101.53,96.27,90.54,135.68,122.36,94.05,108.04,140.52,141.44,142.05,83.03,98.20,142.08,145.28,146.68,87.07,101.66,131.22,150.18,130.62,101.75,93.35,99.79,165.36,154.33,107.39,92.68,99.50,155.85,143.50,73.47,114.46,160.15,143.55,133.15,101.59,97.87,97.50,160.33,134.88,91.46,109.24,133.83,150.29,123.59,110.40,90.32,107.76,158.50,111.09,114.16,91.34,95.72,136.10,106.45,2.955M,+0.26,"Dollar Tree, Inc.",121.95,26583027712,,+0.21%,Consumer Defensive,DLTR,1454656,
62.20,76.28,67.44,65.09,49.15,58.99,73.17,70.22,72.70,66.13,67.60,79.43,72.86,65.68,57.10,61.41,71.58,65.23,64.87,60.23,67.64,71.67,67.43,66.58,54.90,54.81,69.34,70.92,74.22,70.60,55.43,63.66,74.94,70.16,66.78,55.51,68.97,67.02,64.27,51.62,49.98,65.93,80.36,66.12,61.77,67.82,80.66,70.36,73.02,58.74,65.52,69.71,67.89,68.00,56.16,62.78,75.32,67.01,66.57,57.69,1.81M,+0.28,Brown-Forman Corporation,49.435,23590580224,24.59,+0.58%,Consumer Defensive,BF-B,929636,
175.30,214.75,237.53,221.46,142.85,156.09,201.88,222.91,237.42,138.50,155.98,210.30,235.83,246.25,135.95,150.30,188.99,198.34,216.30,145.31,153.41,194.61,208.48,233.60,132.07,134.02,190.40,232.64,248.43,168.86,135.16,190.51,216.39,245.44,169.78,151.01,202.62,222.63,210.46,156.06,127.28,191.51,202.96,220.34,201.09,157.36,218.58,221.30,255.68,131.12,160.34,208.71,221.52,255.05,119.04,158.94,209.62,212.14,239.86,105.80,2.343M,-0.42,Dollar General Corporation,142.43,31287740416,18.84,-0.29%,Consumer Defensive,DG,991759,
,,,,19.58,,,,,23.05,,,,,21.53,,,,,19.00,,,,,20.76,,,,,23.68,,,,,26.42,,,,,21.46,,,,,,,,,,20.44,,,,,18.60,,,,,20.08,16.309M,-0.12,Kenvue Inc.,19.455,37249515520,21.62,-0.64%,Consumer Defensive,KVUE,15016018,
59.89,60.86,70.73,88.63,71.17,53.80,63.95,57.81,76.80,67.66,53.56,58.80,67.38,83.85,65.14,49.00,55.01,67.43,79.51,64.18,52.22,58.10,68.68,78.36,64.91,53.11,63.27,58.86,74.79,74.74,52.52,61.65,60.93,75.45,76.70,52.77,61.32,67.72,85.46,69.97,49.44,63.04,62.86,69.85,84.16,53.32,60.82,61.77,85.30,63.66,50.86,59.12,61.80,81.58,65.24,55.12,61.68,59.82,76.61,63.99,4.232M,-0.50,"General Mills, Inc.",70.67,39896674304,16.21,-0.70%,Consumer Defensive,GIS,2173950,
37.14,63.13,89.56,78.08,62.50,38.05,44.76,60.00,87.89,79.30,46.35,50.41,67.59,92.85,72.22,37.65,56.58,78.45,79.60,53.11,44.76,50.01,75.00,82.85,55.58,41.08,42.83,59.72,82.77,84.96,40.80,39.90,60.60,77.60,75.56,35.18,57.00,90.26,79.66,62.81,38.32,39.31,66.53,90.82,70.65,42.93,49.77,62.21,97.50,73.73,42.04,46.24,64.24,96.98,71.57,41.07,46.49,60.01,80.45,75.42,5.712M,-0.81,Archer-Daniels-Midland Company,61.685,30951313408,9.59,-1.30%,Consumer Defensive,ADM,1970966,
138.48,133.32,138.83,144.89,128.93,141.11,157.76,137.81,127.52,128.83,137.55,134.83,142.92,135.75,121.51,131.19,128.33,130.15,125.05,121.17,143.24,132.10,137.65,130.01,120.97,135.65,152.04,135.72,131.79,129.10,133.28,141.35,133.78,135.15,138.06,127.87,139.05,123.16,134.22,129.35,127.89,141.44,130.63,133.02,134.28,136.34,139.31,130.31,135.63,123.73,132.88,132.59,129.49,124.46,119.64,142.05,147.66,132.44,112.54,120.85,2.223M,+7.20,Kimberly-Clark Corporation,136.13,45864103936,26.13,+5.58%,Consumer Defensive,KMB,4609946,
132.43,164.30,225.77,273.06,186.33,158.48,148.64,177.70,224.67,214.86,146.98,152.33,193.47,231.57,186.44,143.99,145.65,202.26,238.32,187.92,155.17,145.44,197.07,224.60,193.54,151.74,145.41,178.88,227.96,231.31,134.03,129.62,174.18,215.16,249.70,132.50,158.16,216.63,254.41,194.50,131.96,135.68,173.05,211.71,259.70,148.16,147.89,177.49,235.17,187.92,146.87,137.46,175.35,238.77,187.35,154.99,143.34,169.25,220.47,200.08,2.066M,+0.99,The Hershey Company,187.325,38254010368,20.68,+0.53%,Consumer Defensive,HSY,972489,
31.61,36.54,53.96,48.63,56.93,23.68,35.68,46.03,47.94,46.39,28.99,31.76,45.26,44.58,45.71,28.13,32.21,46.80,43.14,49.61,26.86,34.50,43.59,44.63,46.14,21.16,34.79,40.70,46.44,48.64,21.71,33.85,38.31,47.33,47.00,30.12,35.99,57.37,49.37,57.13,22.81,32.62,36.98,52.97,45.33,27.34,33.00,41.53,49.19,44.27,24.64,32.21,40.02,47.29,45.37,25.78,33.91,40.43,43.75,44.75,5.207M,-1.33,The Kroger Co.,55.595,40122245120,18.78,-2.34%,Consumer Defensive,KR,3267529,
56.27,84.73,85.48,76.74,77.32,74.33,60.14,79.65,82.22,69.65,85.54,74.26,78.55,76.45,73.13,66.65,79.63,87.10,74.57,80.97,82.14,71.51,78.15,77.46,80.93,68.57,52.85,74.20,84.90,76.31,70.72,54.66,77.75,84.71,74.20,45.63,78.74,81.65,77.23,81.18,68.82,55.16,81.00,84.18,69.95,80.55,71.29,70.04,86.51,72.17,79.87,55.31,76.90,86.56,66.49,79.40,62.22,78.50,70.71,66.05,2.927M,-0.45,Sysco Corporation,76.87,38268194816,18.79,-0.58%,Consumer Defensive,SYY,1184921,
26.46,35.85,37.40,32.70,31.76,27.28,29.83,35.67,38.12,33.65,28.95,32.00,36.86,35.66,33.32,27.88,30.52,38.67,34.55,29.91,28.53,31.80,37.95,35.28,31.44,28.14,30.59,35.21,38.74,34.01,28.90,28.40,35.24,35.39,31.27,24.27,34.37,37.90,35.28,30.67,28.19,27.92,36.96,34.74,31.12,30.94,30.45,33.99,38.67,31.57,28.16,26.90,36.09,38.84,30.33,27.32,27.60,34.16,35.82,31.57,11.155M,-0.02,Keurig Dr Pepper Inc.,31.735,42924441600,20.47,-0.08%,Consumer Defensive,KDP,4495237,
30.33,41.29,42.63,39.27,38.15,25.52,35.04,35.99,37.40,33.09,32.13,34.66,35.90,40.71,36.98,24.77,36.38,39.22,38.94,35.28,29.20,33.51,35.80,40.53,37.13,32.01,34.38,38.47,36.83,36.18,31.04,31.89,40.78,38.14,35.50,24.74,40.00,39.39,38.67,36.90,27.65,30.47,43.59,37.83,38.22,30.50,32.94,33.61,39.35,35.11,32.33,30.59,35.89,38.47,31.46,27.93,29.95,36.82,33.35,33.64,7.835M,-0.10,The Kraft Heinz Company,38.055,46261182464,16.47,-0.25%,Consumer Defensive,KHC,3643327,
164.69,240.32,246.09,229.47,259.74,204.35,184.48,211.14,246.05,260.56,189.75,219.05,250.97,231.75,241.75,172.38,214.14,215.62,223.70,248.52,188.30,210.93,237.75,231.52,245.08,196.82,178.20,224.34,246.31,272.80,196.94,174.95,233.89,233.06,246.13,143.36,228.00,230.32,225.89,271.76,176.45,172.70,239.72,245.47,242.97,186.06,205.84,225.33,257.35,240.49,190.33,165.23,216.81,247.08,234.15,207.28,189.51,210.69,229.68,251.33,1.242M,+1.90,"Constellation Brands, Inc.",261.64,47833026560,27.83,+0.73%,Consumer Defensive,STZ,723098,
30.91,48.53,42.84,56.00,53.60,29.33,41.93,48.78,44.42,57.41,31.77,46.24,48.02,50.76,57.61,31.20,43.87,42.20,50.88,59.10,33.30,43.42,43.36,52.04,55.02,32.24,39.24,47.16,49.81,57.49,31.92,34.66,45.67,46.35,57.44,28.13,45.54,39.95,54.01,59.28,30.93,35.96,47.13,44.56,58.62,29.91,42.39,41.89,51.43,55.15,28.07,38.28,42.50,46.86,51.10,29.03,40.10,44.42,43.48,52.95,5.307M,+0.17,Monster Beverage Corporation,53.77,56313319424,34.92,+0.32%,Consumer Defensive,MNST,4030139,
176.40,313.80,264.06,246.72,147.42,197.99,221.72,340.49,254.38,160.53,206.54,266.19,370.20,248.11,146.25,183.60,285.86,296.33,243.05,148.58,195.16,236.65,311.79,277.08,131.99,184.19,197.54,333.83,273.10,180.00,183.11,188.68,318.08,254.67,196.38,159.34,290.85,272.32,246.46,154.15,161.03,197.47,306.52,254.65,184.03,195.47,245.32,332.07,235.79,127.69,186.27,219.66,324.33,200.49,128.87,198.95,218.25,299.93,215.90,144.55,2.63M,+1.33,The Este Lauder Companies Inc.,148.75,53322858496,114.42,+0.90%,Consumer Defensive,EL,1323314,
74.60,95.00,100.00,99.97,94.06,72.09,79.79,103.00,95.49,96.06,85.09,82.79,95.00,101.21,94.08,81.87,84.02,101.07,97.30,89.96,82.70,79.65,102.85,104.24,90.85,83.61,76.81,100.09,97.15,99.72,78.53,70.06,99.11,98.74,97.62,72.96,88.74,93.94,97.25,91.62,77.13,73.36,96.43,106.25,90.01,82.93,75.75,85.94,99.67,93.36,81.44,71.02,94.54,91.85,89.16,75.93,74.99,94.79,83.01,92.58,5.869M,+3.12,Philip Morris International Inc.,97.175,151063396352,19.36,+3.31%,Consumer Defensive,PM,8743046,
109.74,207.26,228.65,157.75,167.11,107.04,151.21,246.98,160.34,126.55,128.21,176.53,231.44,149.04,142.42,103.00,183.44,199.77,168.50,152.92,110.74,181.17,220.43,172.14,139.08,86.40,125.88,261.05,163.38,136.47,86.61,119.93,241.74,141.23,131.90,92.97,198.07,212.22,165.63,177.21,80.45,122.33,226.92,161.88,130.93,125.01,179.53,243.84,167.07,133.81,106.91,152.22,259.62,164.25,110.79,106.91,157.42,228.77,148.39,110.57,3.852M,-0.79,Target Corporation,166.325,76790587392,18.60,-0.47%,Consumer Defensive,TGT,1181279,
51.44,60.81,64.48,76.72,69.41,55.22,58.42,62.07,61.86,71.26,55.08,58.47,66.31,66.65,72.43,52.80,53.16,65.48,65.18,73.07,57.38,55.44,67.03,65.44,75.27,53.49,55.49,63.26,64.04,74.13,53.90,51.13,62.44,62.09,72.94,50.08,58.53,62.78,69.72,70.00,50.85,52.12,63.53,63.56,73.41,52.54,57.45,58.94,67.61,71.06,52.45,53.12,60.74,61.48,66.21,55.32,57.45,58.18,54.83,69.40,8.238M,+1.15,"Mondelez International, Inc.",70.565,94919098368,19.49,+1.66%,Consumer Defensive,MDLZ,9476352,
132.29,144.16,171.71,190.89,176.46,136.73,140.06,156.39,172.27,177.92,136.67,148.30,173.71,180.66,169.84,132.03,129.19,163.74,173.53,165.34,142.02,136.57,173.52,171.02,168.53,127.81,137.66,156.95,174.96,187.46,131.13,132.26,148.17,166.66,185.22,120.10,141.45,167.38,182.30,175.01,128.00,131.55,147.94,167.75,182.35,135.83,144.23,159.78,185.51,168.29,137.17,133.29,161.60,181.58,163.28,137.10,138.60,150.41,163.26,169.44,5.883M,-4.75,"PepsiCo, Inc.",171.71,236017106944,26.18,-2.69%,Consumer Defensive,PEP,6756848,
45.89,53.98,64.61,64.15,60.55,55.04,49.53,56.31,61.71,59.83,55.35,54.84,59.21,63.61,58.93,53.49,48.99,62.24,59.51,60.02,58.40,48.15,61.01,61.32,59.49,52.63,47.24,57.03,64.17,61.93,50.92,44.68,54.11,62.91,60.22,44.25,52.71,62.00,62.03,61.18,49.13,46.68,55.29,63.38,59.66,53.40,51.60,52.45,63.61,58.44,54.43,48.06,56.37,59.85,56.49,54.44,49.37,52.47,56.02,55.98,14.198M,+0.05,The Coca-Cola Company,60.6,261258100736,24.53,+0.08%,Consumer Defensive,KO,10489549,
303.00,372.09,531.72,503.22,715.46,294.76,347.66,455.49,522.10,549.28,293.92,376.78,567.70,456.50,660.08,281.14,331.00,519.25,484.18,743.89,305.52,352.43,505.13,511.14,694.88,275.63,325.53,429.72,541.30,560.67,264.26,303.21,395.67,479.28,538.38,285.13,352.48,575.85,496.87,732.63,239.58,308.47,378.27,466.22,511.56,299.81,391.77,539.38,539.25,592.74,297.11,357.62,491.54,501.50,552.44,288.11,355.00,449.35,472.27,564.96,2.081M,+7.07,Costco Wholesale Corporation,722.535,320447152128,47.19,+0.99%,Consumer Defensive,COST,781722,
70.27,80.70,77.05,79.80,88.33,74.15,79.26,77.95,78.21,73.47,68.84,85.51,85.34,78.79,79.71,67.57,75.20,76.95,73.30,86.52,73.78,78.00,82.45,74.53,84.20,71.74,77.20,79.50,78.74,76.26,71.67,73.26,81.35,80.14,77.04,66.36,78.83,75.83,75.15,90.05,69.62,72.33,83.78,78.81,74.38,67.82,85.64,75.02,77.48,78.77,68.60,78.89,76.19,73.84,75.12,73.51,77.15,75.58,70.25,71.11,4.489M,+0.40,Colgate-Palmolive Company,88.735,72938930176,32.03,+0.46%,Consumer Defensive,CL,2584899,
39.25,47.75,55.57,47.51,42.57,43.74,43.74,50.23,45.12,44.22,49.91,41.00,47.39,45.71,40.34,40.37,43.60,51.29,46.43,40.91,47.53,41.08,50.88,45.04,40.12,47.07,41.15,48.04,43.86,45.42,47.35,39.25,47.68,41.77,45.30,38.67,51.16,52.25,44.62,43.62,49.06,39.05,49.22,54.09,44.42,49.70,39.83,42.64,46.58,42.04,44.79,36.08,44.11,46.27,40.17,40.90,38.64,45.52,40.38,42.05,12.622M,+0.33,"Altria Group, Inc.",42.895,73677733888,9.39,+0.76%,Consumer Defensive,MO,8110439,
117.87,133.42,160.55,156.38,160.54,120.23,138.33,142.39,137.94,154.34,124.90,139.14,163.58,151.56,146.54,113.23,123.53,155.89,137.56,158.94,124.62,128.21,160.45,142.38,157.14,118.04,131.12,142.23,138.91,156.30,109.65,119.57,134.93,143.79,151.74,110.00,135.43,152.80,148.69,162.25,102.91,115.92,134.85,147.88,142.50,122.06,138.87,144.58,149.16,153.52,124.51,137.10,142.99,134.67,150.03,124.38,138.99,139.80,126.25,145.86,6.618M,+0.96,The Procter & Gamble Company,161.5,381162618880,26.39,+0.60%,Consumer Defensive,PG,4539032,
40.52,46.64,51.00,50.32,60.14,38.09,46.28,49.37,44.18,54.20,39.61,48.05,48.23,47.26,52.55,35.89,43.31,45.05,47.38,58.61,38.16,46.83,46.60,47.96,55.08,36.79,43.13,47.52,44.02,53.29,36.83,39.93,47.01,40.53,52.39,37.87,45.28,49.64,49.15,60.17,33.81,41.35,47.34,42.88,48.96,39.70,50.93,46.88,50.81,51.90,39.09,46.25,49.81,47.44,54.47,39.56,46.64,46.46,43.23,53.31,19.211M,-1.13,Walmart Inc.,59.005,475465252864,30.89,-1.89%,Consumer Defensive,WMT,12968866,
7.88,5.60,6.49,15.57,16.10,7.16,8.84,6.76,10.44,15.31,7.73,7.21,5.57,10.34,28.13,6.92,7.55,6.16,11.42,18.24,7.23,7.38,5.03,10.95,18.61,11.02,8.13,5.89,9.63,13.41,10.65,7.36,6.32,9.16,14.14,7.18,6.34,6.75,13.82,15.08,9.34,8.61,6.10,8.23,14.09,8.09,8.30,5.15,9.97,24.25,7.45,8.29,4.95,9.77,19.84,7.46,8.00,6.53,9.35,14.73,"153,946",+0.13,Genie Energy Ltd.,16.23,444439072,33.12,+0.81%,Utilities,GNE,57971,
,,16.94,7.27,14.06,,,,17.00,10.24,,,12.95,14.41,8.39,,,14.61,14.16,12.04,,,11.57,15.49,8.70,,,,21.17,10.93,,,,16.68,10.32,,,18.20,7.79,14.15,,,,20.43,9.19,,,14.50,15.82,8.08,,,,17.03,8.35,,,,12.76,9.98,"296,566",+0.26,"Aris Water Solutions, Inc.",14.32,831850240,24.27,+1.85%,Utilities,ARIS,164427,
50.31,57.63,51.00,55.59,50.17,60.37,42.20,49.60,52.09,48.82,61.82,44.27,45.99,51.36,52.57,56.34,41.84,50.49,54.32,50.96,61.69,40.77,46.94,52.17,47.52,58.57,43.15,52.92,54.77,52.04,59.89,44.82,52.97,58.72,50.71,52.32,45.69,49.88,57.04,52.35,56.86,48.17,54.85,57.81,52.69,61.04,40.88,41.44,54.82,48.48,62.27,34.55,41.75,52.71,45.67,63.44,38.64,42.78,46.45,42.71,"53,122",+0.62,Unitil Corporation,50.79,820969600,18.01,+1.24%,Utilities,UTL,25534,
40.32,51.64,38.68,42.04,35.42,37.34,45.61,51.57,43.97,40.74,46.11,46.60,49.78,44.98,38.62,42.29,41.61,44.87,43.48,35.40,47.36,43.44,45.42,45.45,35.88,35.97,46.31,48.26,42.99,41.33,35.72,47.96,45.30,40.43,41.27,43.46,48.97,44.97,44.70,36.27,34.48,44.40,50.33,40.98,42.41,44.33,45.04,46.86,45.69,38.08,44.04,42.25,47.92,43.56,36.07,43.66,42.27,43.68,38.43,37.49,"61,801",+0.29,The York Water Company,35.71,511874272,21.51,+0.82%,Utilities,YORW,40662,
20.22,32.75,57.20,26.32,21.45,21.04,22.32,38.88,40.69,23.17,21.05,30.10,52.50,33.00,24.34,16.41,27.50,56.60,27.62,25.26,20.56,27.47,56.34,31.05,24.35,21.09,20.30,34.16,43.29,26.23,21.50,19.15,34.55,39.84,23.23,14.25,30.50,67.92,29.40,26.66,18.65,20.49,36.20,55.84,25.52,20.91,26.42,45.55,35.91,21.77,22.01,24.80,40.01,38.30,18.34,19.88,22.86,41.44,34.27,22.70,"26,058",+0.14,Kenon Holdings Ltd.,21.5851,1139190400,,+0.63%,Utilities,KEN,10134,
39.47,43.06,41.11,39.21,10.83,44.40,34.61,43.60,39.12,14.02,46.86,35.39,41.50,41.85,14.19,42.84,34.96,40.98,40.45,12.18,48.91,33.06,42.50,42.27,12.97,44.80,36.26,43.34,42.30,38.39,43.55,36.06,42.28,40.90,36.20,43.05,44.43,42.31,38.40,11.27,41.54,39.46,43.05,43.17,35.91,43.67,35.83,37.99,41.08,12.19,45.15,33.04,40.56,38.04,12.98,45.61,33.24,40.83,34.66,12.31,2.42M,+0.12,"Hawaiian Electric Industries, Inc.",10.955,1208369408,6.05,+1.15%,Utilities,HE,1100506,
60.30,82.02,88.95,72.98,48.02,61.04,64.13,109.41,88.77,75.26,63.57,72.47,120.30,78.67,65.62,59.47,68.67,99.99,76.50,50.89,65.26,79.60,101.24,83.86,55.97,62.63,64.06,101.74,95.11,80.42,59.25,67.18,81.73,87.68,80.66,60.12,79.02,105.17,78.12,52.50,59.16,67.86,85.96,85.03,81.36,62.81,68.49,103.04,93.45,63.90,67.25,64.14,110.12,89.47,63.53,64.96,62.15,102.78,77.20,66.25,"181,596",+0.44,Middlesex Water Company,48.465,863331264,27.54,+0.93%,Utilities,MSEX,51689,
15.45,15.20,16.80,15.72,19.67,23.32,12.75,15.23,16.11,14.52,21.85,14.86,14.65,15.18,17.76,19.57,14.96,14.93,15.23,20.80,22.65,15.35,14.83,15.78,19.82,24.55,13.26,16.18,16.70,14.78,24.29,14.30,15.34,15.26,14.80,14.14,14.82,16.10,15.32,20.43,22.90,14.59,14.70,17.05,15.27,22.42,15.32,14.44,16.46,17.15,24.20,16.44,16.00,16.35,17.59,23.63,16.28,15.35,15.05,16.05,"334,106",-0.09,"Suburban Propane Partners, L.P.",19.58,1253544832,12.31,-0.46%,Utilities,SPH,128226,
,9.98,7.98,5.12,5.66,,,9.91,6.78,6.10,,,7.78,5.50,7.66,,11.00,7.90,4.34,6.50,,,6.36,6.00,6.77,,,9.97,6.79,6.20,,,9.95,6.47,5.48,,10.02,8.22,5.62,6.00,,,9.93,7.00,5.47,,,7.69,6.07,6.44,,,9.95,5.81,5.40,,,10.20,6.02,5.43,"647,561",+0.14,ReNew Energy Global Plc,5.805,2120618624,58.05,+2.56%,Utilities,RNW,540538,
65.10,53.92,47.83,46.96,38.00,71.36,51.11,51.45,47.61,39.28,73.73,45.99,48.78,47.59,38.94,65.77,47.99,52.01,48.34,36.74,73.38,46.71,47.34,50.14,36.86,71.42,53.49,52.29,53.67,42.97,69.50,55.79,52.52,53.10,43.05,61.75,53.95,51.72,47.56,37.22,68.82,64.11,52.88,54.29,42.70,68.77,47.92,43.12,50.11,36.62,69.36,44.44,45.09,48.09,36.71,71.34,45.39,45.99,43.38,38.16,"376,012",+0.29,Northwest Natural Holding Company,38.29,1456065408,14.78,+0.76%,Utilities,NWN,191312,
59.53,65.55,59.00,75.92,54.09,68.33,62.53,69.33,64.30,65.76,71.06,69.36,73.20,81.19,65.35,61.18,62.68,65.22,76.44,55.06,73.35,66.17,68.86,77.41,59.54,64.89,62.46,68.93,65.66,70.46,60.77,62.11,63.30,62.41,70.11,57.77,62.99,69.58,76.13,56.59,61.63,62.84,64.45,61.85,76.53,70.82,65.60,67.35,74.69,65.64,72.35,60.69,65.92,70.68,62.48,68.29,60.86,66.06,57.60,60.11,"186,279",+1.16,SJW Group,55.252,1771401216,20.62,+2.15%,Utilities,SJW,92537,
79.37,79.19,78.66,88.75,68.97,92.53,76.08,92.21,82.97,84.21,86.64,79.51,103.44,92.55,80.42,76.59,73.05,84.16,89.30,71.41,88.56,77.26,92.23,94.17,74.60,77.47,76.88,88.32,87.17,88.41,75.24,78.63,79.56,81.51,87.00,81.74,75.62,89.02,88.89,72.24,72.94,82.01,79.37,79.25,88.82,85.29,73.82,94.18,97.99,79.90,95.13,74.69,90.84,90.46,78.05,89.86,74.95,85.52,77.95,78.68,"230,853",+1.57,American States Water Company,70.54,2626126592,20.99,+2.28%,Utilities,AWR,169315,
44.92,58.75,51.87,56.08,45.45,56.44,45.34,63.55,58.53,50.25,51.56,54.03,71.86,60.64,51.87,47.96,54.95,56.93,57.24,45.89,52.56,54.64,62.09,61.17,45.27,53.39,46.87,62.68,60.08,53.02,50.63,47.70,55.54,55.55,51.63,50.32,56.34,59.28,58.20,46.48,49.22,47.00,56.84,53.67,56.91,51.40,49.48,63.01,64.93,50.57,55.97,44.57,60.88,62.06,48.68,52.93,43.45,58.93,52.69,47.31,"350,333",+0.91,California Water Service Group,46.36,2677480192,50.95,+2.00%,Utilities,CWT,377623,
43.04,46.02,40.57,44.07,35.35,46.90,36.86,41.85,40.63,33.29,48.09,40.14,42.49,44.34,35.74,47.15,40.21,44.63,41.12,33.20,50.85,37.48,44.46,39.90,34.01,46.03,37.13,42.83,42.26,38.64,44.60,36.39,42.67,43.51,39.27,42.49,47.75,45.15,42.45,35.02,41.76,39.17,45.33,43.44,41.35,47.28,37.52,38.51,41.28,33.95,48.03,33.22,39.81,41.03,31.69,48.44,34.12,39.12,37.05,32.37,"576,008",+0.22,Avista Corporation,35.571,2781154048,15.88,+0.63%,Utilities,AVA,214569,
50.29,74.55,66.66,57.51,27.46,51.25,60.32,79.93,82.09,49.88,52.65,67.05,84.40,70.09,30.41,57.67,72.64,78.01,66.26,27.47,56.77,81.50,75.22,73.30,29.85,48.64,62.20,77.53,82.74,54.45,48.25,51.28,76.36,74.16,58.64,43.00,72.88,83.36,60.75,30.08,44.25,51.11,68.37,71.65,59.92,53.13,63.47,85.05,80.49,23.54,52.70,62.80,86.30,74.07,27.07,52.84,59.96,75.36,72.31,29.70,1.337M,+1.29,"NextEra Energy Partners, LP",28.75,2689254656,84.56,+4.70%,Utilities,NEP,2442941,
23.94,38.55,30.90,26.62,18.51,23.79,30.03,37.61,33.42,22.45,26.39,37.98,35.76,25.90,21.50,28.91,36.15,33.75,27.60,17.96,28.73,41.35,32.63,27.42,19.18,23.19,29.97,39.76,35.66,24.12,22.67,29.10,37.22,32.26,23.44,22.30,36.63,35.07,29.56,18.48,21.45,26.20,36.35,32.65,24.17,25.92,34.39,38.36,27.90,19.02,24.01,29.49,39.35,27.71,18.11,24.09,28.61,34.51,26.30,19.10,"951,096",+1.39,Atlantica Sustainable Infrastructure plc,19.895,2310983424,53.77,+7.48%,Utilities,AY,2932408,
,,9.17,18.06,15.69,,,,19.95,26.35,,,35.56,17.15,23.85,,,13.53,18.67,15.29,,,18.70,24.14,19.87,,,,13.74,29.24,,,,9.48,26.64,,,13.11,20.25,17.34,,,,9.80,24.80,,,31.69,17.18,25.08,,,,14.93,17.32,,,,14.59,22.99,2.371M,+0.62,"Fluence Energy, Inc.",16.305,2912611072,,+3.92%,Utilities,FLNC,1310761,
87.88,118.52,125.17,123.50,105.72,94.58,81.80,130.70,126.30,110.10,95.83,108.21,145.81,118.18,105.63,85.50,105.73,132.95,128.09,102.03,96.21,101.43,136.21,126.08,101.28,93.46,84.49,124.59,137.13,118.24,95.02,84.00,120.33,129.55,119.00,85.71,116.08,137.76,127.99,107.30,90.78,90.34,114.56,133.57,127.70,91.14,104.01,127.36,119.73,95.60,94.80,97.21,131.07,124.38,88.61,95.32,84.30,120.05,115.39,97.75,"135,087",-0.41,Chesapeake Utilities Corporation,105.31,2344979712,22.26,-0.39%,Utilities,CPK,41104,
64.66,74.81,77.87,76.61,77.40,75.85,64.99,80.54,77.02,72.43,78.82,70.03,82.25,70.40,72.31,71.34,63.70,72.02,70.78,63.19,79.93,63.68,77.43,73.11,64.49,74.15,66.33,78.12,81.38,80.24,73.08,64.51,74.44,77.83,79.11,65.47,71.39,79.79,77.67,78.72,66.24,67.89,75.02,79.37,71.76,77.52,68.67,72.59,72.01,73.75,77.04,65.02,75.89,68.09,71.63,79.87,62.66,73.50,65.63,68.51,"426,016",+0.69,"MGE Energy, Inc.",78.09,2824975872,24.03,+0.89%,Utilities,MGEE,92594,
57.69,68.03,56.69,58.62,50.40,72.44,51.64,63.60,52.98,50.40,71.67,58.31,57.16,59.34,50.89,70.34,58.48,60.48,57.78,47.92,76.97,54.47,58.12,56.80,48.12,69.92,56.26,61.99,55.45,56.47,72.15,54.52,60.22,58.93,56.76,59.83,65.20,60.49,57.86,50.93,70.94,60.12,63.35,61.27,56.59,71.57,58.00,55.30,58.41,50.31,72.52,52.13,56.86,52.83,48.01,75.05,48.64,57.30,49.28,48.06,"388,114",+0.01,"NorthWestern Energy Group, Inc.",50.41,3088887808,15.66,+0.02%,Utilities,NWE,109498,
